model,fold,precision,recall,f1,accuracy,tp,fp,tn,fn,flagged_modules,flagged_percent
balanced_logistic_regression,1,0.3586337760910816,0.5608308605341247,0.4375,0.7210103329506314,189.0,338.0,1067.0,148.0,527.0,30.252583237657866
weighted_random_forest,1,0.3870967741935484,0.3916913946587537,0.3893805309734513,0.7623421354764638,132.0,209.0,1196.0,205.0,341.0,19.5752009184845
hist_gradient_boosting,1,0.363265306122449,0.5281899109792285,0.43047158403869407,0.7296211251435132,178.0,312.0,1093.0,159.0,490.0,28.128587830080363
balanced_logistic_regression,2,0.3596330275229358,0.5816023738872403,0.4444444444444444,0.7185525560022975,196.0,349.0,1055.0,141.0,545.0,31.303848363009763
weighted_random_forest,2,0.45808383233532934,0.4540059347181009,0.45603576751117736,0.7903503733486502,153.0,181.0,1223.0,184.0,334.0,19.184376794945436
hist_gradient_boosting,2,0.3813559322033898,0.5341246290801187,0.44499381953028433,0.7421022400919012,180.0,292.0,1112.0,157.0,472.0,27.110855829982768
balanced_logistic_regression,3,0.33723196881091616,0.5133531157270029,0.40705882352941175,0.710511200459506,173.0,340.0,1064.0,164.0,513.0,29.465824238943135
weighted_random_forest,3,0.43478260869565216,0.3857566765578635,0.4088050314465409,0.7840321654221711,130.0,169.0,1235.0,207.0,299.0,17.17403790924756
hist_gradient_boosting,3,0.3789237668161435,0.5014836795252225,0.43167305236270753,0.7443997702469844,169.0,277.0,1127.0,168.0,446.0,25.617461229178634
balanced_logistic_regression,4,0.33976833976833976,0.5222551928783383,0.41169590643274856,0.7114170969592656,176.0,342.0,1064.0,161.0,518.0,29.71887550200803
weighted_random_forest,4,0.4444444444444444,0.3916913946587537,0.416403785488959,0.7877223178427998,132.0,165.0,1241.0,205.0,297.0,17.03958691910499
hist_gradient_boosting,4,0.35785288270377735,0.5341246290801187,0.42857142857142855,0.7246127366609294,180.0,323.0,1083.0,157.0,503.0,28.858290304073435
balanced_logistic_regression,5,0.3420523138832998,0.5044510385756676,0.407673860911271,0.7162550258472142,170.0,327.0,1077.0,167.0,497.0,28.546812176909818
weighted_random_forest,5,0.3890909090909091,0.31750741839762614,0.34967320261437906,0.7713957495692131,107.0,168.0,1236.0,230.0,275.0,15.795519816197586
hist_gradient_boosting,5,0.3627906976744186,0.4629080118694362,0.4067796610169492,0.7386559448592763,156.0,274.0,1130.0,181.0,430.0,24.69844916714532
