model,budget,threshold,precision,recall,f1,accuracy,tp,fp,tn,fn,flagged_modules,flagged_percent
balanced_logistic_regression,0.1,0.6776825428989748,0.4890929965556831,0.25281899109792283,0.3333333333333333,0.8043178686265503,426.0,445.0,6578.0,1259.0,871.0,10.002296738631143
balanced_logistic_regression,0.2,0.5634121936883922,0.4058553386911596,0.4195845697329377,0.4126057776480887,0.768833256775379,707.0,1035.0,5988.0,978.0,1742.0,20.004593477262286
balanced_logistic_regression,0.3,0.4994092729432177,0.34686064318529863,0.5376854599406529,0.42168955084942983,0.7146302250803859,906.0,1706.0,5317.0,779.0,2612.0,29.99540652273771
balanced_logistic_regression,0.4,0.45604208778808925,0.31323571633649155,0.6474777448071216,0.42221362229102166,0.6570969223702343,1091.0,2392.0,4631.0,594.0,3483.0,39.997703261368855
weighted_random_forest,0.1,0.5923809523809525,0.4730195177956372,0.24451038575667655,0.3223787167449139,0.801102434542949,412.0,459.0,6564.0,1273.0,871.0,10.002296738631143
weighted_random_forest,0.2,0.47,0.4078054298642534,0.42789317507418395,0.41760787720822473,0.7690629306384933,721.0,1047.0,5976.0,964.0,1768.0,20.30316949931098
weighted_random_forest,0.3,0.38083333333333336,0.3566487317448117,0.5507418397626113,0.43293678563097737,0.720831419384474,928.0,1674.0,5349.0,757.0,2602.0,29.88056959118052
weighted_random_forest,0.4,0.32333333333333336,0.31430219146482125,0.6468842729970327,0.42305453134096643,0.6585898024804777,1090.0,2378.0,4645.0,595.0,3468.0,39.82544786403307
hist_gradient_boosting,0.1,0.6842608809571888,0.4833524684270953,0.24985163204747773,0.32942097026604067,0.8031694993109784,421.0,450.0,6573.0,1264.0,871.0,10.002296738631143
hist_gradient_boosting,0.2,0.5606886075132482,0.3960964408725603,0.4094955489614243,0.40268456375838924,0.7649288011024346,690.0,1052.0,5971.0,995.0,1742.0,20.004593477262286
hist_gradient_boosting,0.3,0.47445669280738717,0.3537519142419602,0.5483679525222552,0.4300674889457761,0.7187643546164446,924.0,1688.0,5335.0,761.0,2612.0,29.99540652273771
hist_gradient_boosting,0.4,0.4050621320767235,0.3146712604076945,0.6504451038575668,0.4241486068111455,0.6582452916858061,1096.0,2387.0,4636.0,589.0,3483.0,39.997703261368855
