model,metric,mean,std
balanced_logistic_regression,precision,0.3474638852153146,0.009654564972014187
balanced_logistic_regression,recall,0.5364985163204748,0.02963796080518404
balanced_logistic_regression,f1,0.4216746070635751,0.015988277226530175
balanced_logistic_regression,accuracy,0.7155492424437829,0.004044700864288028
balanced_logistic_regression,tp,180.8,9.987992791347018
balanced_logistic_regression,fp,339.2,7.138627319029898
balanced_logistic_regression,tn,1065.4,7.059745037889116
balanced_logistic_regression,fn,156.2,9.987992791347018
balanced_logistic_regression,flagged_modules,520.0,15.84929020492716
balanced_logistic_regression,flagged_percent,29.857588703705723,0.9097849784819915
weighted_random_forest,precision,0.4226997137519767,0.02921638775405169
weighted_random_forest,recall,0.3881305637982196,0.043262426038237614
weighted_random_forest,f1,0.4040596636069016,0.034784408323851775
weighted_random_forest,accuracy,0.7791685483318596,0.010633903563023442
weighted_random_forest,tp,130.8,14.579437574886077
weighted_random_forest,fp,178.4,16.243152403397563
weighted_random_forest,tn,1226.2,16.216041440499588
weighted_random_forest,fn,206.2,14.579437574886077
weighted_random_forest,flagged_modules,309.2,24.69331893448104
weighted_random_forest,flagged_percent,17.753744471596015,1.4174016326887675
hist_gradient_boosting,precision,0.3688377171040357,0.009452183906376137
hist_gradient_boosting,recall,0.5121661721068249,0.027428415449949783
hist_gradient_boosting,f1,0.42849790910401275,0.012310805768396552
hist_gradient_boosting,accuracy,0.7358783634005209,0.00755160050470421
hist_gradient_boosting,tp,172.6,9.243376006633074
hist_gradient_boosting,fp,295.6,19.21041384249699
hist_gradient_boosting,tn,1109.0,18.471599822430107
hist_gradient_boosting,fn,164.4,9.243376006633074
hist_gradient_boosting,flagged_modules,468.2,27.028873450441846
hist_gradient_boosting,flagged_percent,26.882728872092105,1.5413649445406747
