,level,outer_fold,inner_fold,shared_feature_vectors,left_rows_with_match,right_rows_with_match,matching_row_pairs
0,outer,1,0,0,0,0,0
1,inner,1,1,0,0,0,0
2,inner,1,2,0,0,0,0
3,inner,1,3,0,0,0,0
4,outer,2,0,0,0,0,0
5,inner,2,1,0,0,0,0
6,inner,2,2,0,0,0,0
7,inner,2,3,0,0,0,0
8,outer,3,0,0,0,0,0
9,inner,3,1,0,0,0,0
10,inner,3,2,0,0,0,0
11,inner,3,3,0,0,0,0
12,outer,4,0,0,0,0,0
13,inner,4,1,0,0,0,0
14,inner,4,2,0,0,0,0
15,inner,4,3,0,0,0,0
16,outer,5,0,0,0,0,0
17,inner,5,1,0,0,0,0
18,inner,5,2,0,0,0,0
19,inner,5,3,0,0,0,0
