,level,outer_fold,fold,fit_rows,validation_rows,shared_feature_vectors,left_rows_with_match,right_rows_with_match,matching_row_pairs
0,outer,0,1,6966,1742,0,0,0,0
1,outer,0,2,6967,1741,0,0,0,0
2,outer,0,3,6967,1741,0,0,0,0
3,outer,0,4,6965,1743,0,0,0,0
4,outer,0,5,6967,1741,0,0,0,0
5,inner,1,1,4644,2322,0,0,0,0
6,inner,1,2,4644,2322,0,0,0,0
7,inner,1,3,4644,2322,0,0,0,0
8,inner,2,1,4644,2323,0,0,0,0
9,inner,2,2,4645,2322,0,0,0,0
10,inner,2,3,4645,2322,0,0,0,0
11,inner,3,1,4644,2323,0,0,0,0
12,inner,3,2,4645,2322,0,0,0,0
13,inner,3,3,4645,2322,0,0,0,0
14,inner,4,1,4644,2321,0,0,0,0
15,inner,4,2,4643,2322,0,0,0,0
16,inner,4,3,4643,2322,0,0,0,0
17,inner,5,1,4644,2323,0,0,0,0
18,inner,5,2,4645,2322,0,0,0,0
19,inner,5,3,4645,2322,0,0,0,0
