,level,outer_fold,inner_fold,fit_positive,fit_negative,scale_pos_weight
0,outer,1,0,1348,5618,4.167655786350148
1,inner,1,1,899,3745,4.165739710789766
2,inner,1,2,899,3745,4.165739710789766
3,inner,1,3,898,3746,4.171492204899777
4,outer,2,0,1348,5619,4.1683976261127595
5,inner,2,1,898,3746,4.171492204899777
6,inner,2,2,899,3746,4.166852057842047
7,inner,2,3,899,3746,4.166852057842047
8,outer,3,0,1348,5619,4.1683976261127595
9,inner,3,1,898,3746,4.171492204899777
10,inner,3,2,899,3746,4.166852057842047
11,inner,3,3,899,3746,4.166852057842047
12,outer,4,0,1348,5617,4.166913946587537
13,inner,4,1,899,3745,4.165739710789766
14,inner,4,2,898,3745,4.1703786191536745
15,inner,4,3,899,3744,4.164627363737486
16,outer,5,0,1348,5619,4.1683976261127595
17,inner,5,1,898,3746,4.171492204899777
18,inner,5,2,899,3746,4.166852057842047
19,inner,5,3,899,3746,4.166852057842047
