,threshold,precision,recall,f1,accuracy,tp,fp,tn,fn,flagged_modules,flagged_percent,average_precision,candidate,parameters,selected,model,outer_fold
0,0.39,0.33759469696969696,0.5289317507418397,0.4121387283236994,0.7080103359173127,713.0,1399.0,4219.0,635.0,2112.0,30.31869078380706,0.38457175720524395,0,{},False,tuned_weighted_random_forest,1
1,0.46480390672365723,0.34688995215311,0.537833827893175,0.42175683536940084,0.7146138386448464,725.0,1365.0,4253.0,623.0,2090.0,30.002871088142406,0.41182190007913,1,"{'class_weight': 'balanced', 'max_depth': None, 'max_features': 'sqrt', 'min_samples_leaf': 5, 'n_estimators': 200}",False,tuned_weighted_random_forest,1
2,0.3336229480999242,0.34210526315789475,0.5304154302670623,0.41593949970913324,0.7117427505024404,715.0,1375.0,4243.0,633.0,2090.0,30.002871088142406,0.40209012972182295,2,"{'class_weight': 'balanced_subsample', 'max_depth': 16, 'max_features': 0.7, 'min_samples_leaf': 3, 'n_estimators': 500}",False,tuned_weighted_random_forest,1
3,0.4964354551718553,0.3569377990430622,0.5534124629080118,0.4339732402559628,0.7206431237438989,746.0,1344.0,4274.0,602.0,2090.0,30.002871088142406,0.40754955760976924,3,"{'class_weight': 'balanced', 'max_depth': 8, 'max_features': 0.7, 'min_samples_leaf': 1, 'n_estimators': 200}",True,tuned_weighted_random_forest,1
4,0.35153093092205423,0.34497607655502394,0.5348664688427299,0.41942990110529377,0.713465403387884,721.0,1369.0,4249.0,627.0,2090.0,30.002871088142406,0.4052836425841606,4,"{'class_weight': 'balanced_subsample', 'max_depth': 16, 'max_features': 'sqrt', 'min_samples_leaf': 3, 'n_estimators': 200}",False,tuned_weighted_random_forest,1
5,0.385,0.3435260391782131,0.5333827893175074,0.4179017727404824,0.7124605225380419,719.0,1374.0,4244.0,629.0,2093.0,30.045937410278494,0.3900185816764097,5,"{'class_weight': 'balanced', 'max_depth': None, 'max_features': 'sqrt', 'min_samples_leaf': 1, 'n_estimators': 200}",False,tuned_weighted_random_forest,1
6,0.46593767433930716,0.3497607655502392,0.5422848664688428,0.42524723676556136,0.71633649153029,731.0,1359.0,4259.0,617.0,2090.0,30.002871088142406,0.41201778688852553,6,"{'class_weight': 'balanced', 'max_depth': 16, 'max_features': 'sqrt', 'min_samples_leaf': 5, 'n_estimators': 200}",False,tuned_weighted_random_forest,1
7,0.4590871036245449,0.35119617224880384,0.5445103857566765,0.4269924374636416,0.7171978179730117,734.0,1356.0,4262.0,614.0,2090.0,30.002871088142406,0.4079674804875195,7,"{'class_weight': 'balanced_subsample', 'max_depth': 8, 'max_features': 'sqrt', 'min_samples_leaf': 3, 'n_estimators': 200}",False,tuned_weighted_random_forest,1
8,0.45777232034516013,0.3430622009569378,0.5318991097922848,0.41710296684118675,0.7123169681309216,717.0,1373.0,4245.0,631.0,2090.0,30.002871088142406,0.4064289661406214,8,"{'class_weight': 'balanced', 'max_depth': None, 'max_features': 0.7, 'min_samples_leaf': 5, 'n_estimators': 200}",False,tuned_weighted_random_forest,1
9,0.40798527002334595,0.3354066985645933,0.5200296735905044,0.4077952297847586,0.7077232271030721,701.0,1389.0,4229.0,647.0,2090.0,30.002871088142406,0.38537934780892424,0,"{'colsample_bytree': 1.0, 'learning_rate': 0.1, 'max_depth': 6, 'n_estimators': 200, 'subsample': 1.0}",False,xgboost,1
10,0.519536018371582,0.35167464114832536,0.5452522255192879,0.42757417102966844,0.7174849267872524,735.0,1355.0,4263.0,613.0,2090.0,30.002871088142406,0.40521247521925186,1,"{'colsample_bytree': 0.8, 'learning_rate': 0.03, 'max_depth': 3, 'n_estimators': 500, 'subsample': 0.8}",False,xgboost,1
11,0.2960596978664398,0.32105263157894737,0.4977744807121662,0.3903432228039558,0.6991099626758541,671.0,1419.0,4199.0,677.0,2090.0,30.002871088142406,0.3662599716487933,2,"{'colsample_bytree': 0.8, 'learning_rate': 0.1, 'max_depth': 6, 'n_estimators': 500, 'subsample': 1.0}",False,xgboost,1
12,0.5155759453773499,0.3598086124401914,0.5578635014836796,0.4374636416521233,0.7223657766293425,752.0,1338.0,4280.0,596.0,2090.0,30.002871088142406,0.40472205121892213,3,"{'colsample_bytree': 1.0, 'learning_rate': 0.1, 'max_depth': 3, 'n_estimators': 200, 'subsample': 0.8}",True,xgboost,1
13,0.52884441614151,0.3588516746411483,0.5563798219584569,0.4363001745200698,0.7217915590008613,750.0,1340.0,4278.0,598.0,2090.0,30.002871088142406,0.40863818896768844,4,"{'colsample_bytree': 1.0, 'learning_rate': 0.03, 'max_depth': 3, 'n_estimators': 200, 'subsample': 1.0}",False,xgboost,1
14,0.5131323337554932,0.3406698564593301,0.5281899109792285,0.4141942990110529,0.7108814240597187,712.0,1378.0,4240.0,636.0,2090.0,30.002871088142406,0.40179956183182797,5,"{'colsample_bytree': 0.8, 'learning_rate': 0.1, 'max_depth': 3, 'n_estimators': 200, 'subsample': 0.8}",False,xgboost,1
15,0.513364851474762,0.35167464114832536,0.5452522255192879,0.42757417102966844,0.7174849267872524,735.0,1355.0,4263.0,613.0,2090.0,30.002871088142406,0.40027332977499924,6,"{'colsample_bytree': 0.8, 'learning_rate': 0.1, 'max_depth': 3, 'n_estimators': 200, 'subsample': 1.0}",False,xgboost,1
16,0.268716037273407,0.3258373205741627,0.505192878338279,0.3961605584642234,0.7019810508182601,681.0,1409.0,4209.0,667.0,2090.0,30.002871088142406,0.3776491030289382,7,"{'colsample_bytree': 1.0, 'learning_rate': 0.1, 'max_depth': 6, 'n_estimators': 500, 'subsample': 0.8}",False,xgboost,1
17,0.39,0.3334907888521493,0.5237388724035609,0.4075036075036075,0.7053251040620065,706.0,1411.0,4208.0,642.0,2117.0,30.386105927946033,0.3619764918875824,0,{},False,tuned_weighted_random_forest,2
18,0.46640469603495904,0.3444976076555024,0.5341246290801187,0.418848167539267,0.7132194631835798,720.0,1370.0,4249.0,628.0,2090.0,29.998564661977895,0.3922085966818564,1,"{'class_weight': 'balanced', 'max_depth': None, 'max_features': 'sqrt', 'min_samples_leaf': 5, 'n_estimators': 200}",False,tuned_weighted_random_forest,2
19,0.33383526115296275,0.3334928229665072,0.5170623145400594,0.40546829552065156,0.7066169082819004,697.0,1393.0,4226.0,651.0,2090.0,29.998564661977895,0.37573358097416243,2,"{'class_weight': 'balanced_subsample', 'max_depth': 16, 'max_features': 0.7, 'min_samples_leaf': 3, 'n_estimators': 500}",False,tuned_weighted_random_forest,2
20,0.4960022075223459,0.3478468899521531,0.5393175074183977,0.42292030250145435,0.7152289364145257,727.0,1363.0,4256.0,621.0,2090.0,29.998564661977895,0.38467434555185764,3,"{'class_weight': 'balanced', 'max_depth': 8, 'max_features': 0.7, 'min_samples_leaf': 1, 'n_estimators': 200}",False,tuned_weighted_random_forest,2
21,0.35275225498648927,0.3411483253588517,0.5289317507418397,0.4147760325770797,0.7112099899526338,713.0,1377.0,4242.0,635.0,2090.0,29.998564661977895,0.3809236420399308,4,"{'class_weight': 'balanced_subsample', 'max_depth': 16, 'max_features': 'sqrt', 'min_samples_leaf': 3, 'n_estimators': 200}",False,tuned_weighted_random_forest,2
22,0.38666666666666666,0.33573141486810554,0.5192878338278932,0.40780658316341395,0.708195780106215,700.0,1385.0,4234.0,648.0,2085.0,29.926797760872688,0.36668550862755944,5,"{'class_weight': 'balanced', 'max_depth': None, 'max_features': 'sqrt', 'min_samples_leaf': 1, 'n_estimators': 200}",False,tuned_weighted_random_forest,2
23,0.4701236053482322,0.3435406698564593,0.5326409495548962,0.4176847004072135,0.712645327974738,718.0,1372.0,4247.0,630.0,2090.0,29.998564661977895,0.38786166417005336,6,"{'class_weight': 'balanced', 'max_depth': 16, 'max_features': 'sqrt', 'min_samples_leaf': 5, 'n_estimators': 200}",False,tuned_weighted_random_forest,2
24,0.4616339568442887,0.3478468899521531,0.5393175074183977,0.42292030250145435,0.7152289364145257,727.0,1363.0,4256.0,621.0,2090.0,29.998564661977895,0.3856233535384208,7,"{'class_weight': 'balanced_subsample', 'max_depth': 8, 'max_features': 'sqrt', 'min_samples_leaf': 3, 'n_estimators': 200}",True,tuned_weighted_random_forest,2
25,0.4609391000023249,0.3382775119617225,0.5244807121661721,0.41128563118091915,0.7094875843261088,707.0,1383.0,4236.0,641.0,2090.0,29.998564661977895,0.3797335518139797,8,"{'class_weight': 'balanced', 'max_depth': None, 'max_features': 0.7, 'min_samples_leaf': 5, 'n_estimators': 200}",False,tuned_weighted_random_forest,2
26,0.4113314747810364,0.3253588516746411,0.5044510385756676,0.3955788248981966,0.701736759006746,680.0,1410.0,4209.0,668.0,2090.0,29.998564661977895,0.35651046989963125,0,"{'colsample_bytree': 1.0, 'learning_rate': 0.1, 'max_depth': 6, 'n_estimators': 200, 'subsample': 1.0}",False,xgboost,2
27,0.5180937647819519,0.34688995215311,0.537833827893175,0.42175683536940084,0.7146548012056839,725.0,1365.0,4254.0,623.0,2090.0,29.998564661977895,0.38395082678244974,1,"{'colsample_bytree': 0.8, 'learning_rate': 0.03, 'max_depth': 3, 'n_estimators': 500, 'subsample': 0.8}",False,xgboost,2
28,0.3078114688396454,0.3090909090909091,0.4792284866468843,0.3757998836532868,0.6919764604564375,646.0,1444.0,4175.0,702.0,2090.0,29.998564661977895,0.341464789768285,2,"{'colsample_bytree': 0.8, 'learning_rate': 0.1, 'max_depth': 6, 'n_estimators': 500, 'subsample': 1.0}",False,xgboost,2
29,0.5141726136207581,0.3354066985645933,0.5200296735905044,0.4077952297847586,0.7077651786995838,701.0,1389.0,4230.0,647.0,2090.0,29.998564661977895,0.3800304736710719,3,"{'colsample_bytree': 1.0, 'learning_rate': 0.1, 'max_depth': 3, 'n_estimators': 200, 'subsample': 0.8}",False,xgboost,2
30,0.5335260629653931,0.35167464114832536,0.5452522255192879,0.42757417102966844,0.7175254772498924,735.0,1355.0,4264.0,613.0,2090.0,29.998564661977895,0.3862802375850449,4,"{'colsample_bytree': 1.0, 'learning_rate': 0.03, 'max_depth': 3, 'n_estimators': 200, 'subsample': 1.0}",True,xgboost,2
31,0.5158907771110535,0.3430622009569378,0.5318991097922848,0.41710296684118675,0.7123582603703172,717.0,1373.0,4246.0,631.0,2090.0,29.998564661977895,0.3762968352171454,5,"{'colsample_bytree': 0.8, 'learning_rate': 0.1, 'max_depth': 3, 'n_estimators': 200, 'subsample': 0.8}",False,xgboost,2
32,0.5128248929977417,0.34210526315789475,0.5304154302670623,0.41593949970913324,0.7117841251614755,715.0,1375.0,4244.0,633.0,2090.0,29.998564661977895,0.376135004194294,6,"{'colsample_bytree': 0.8, 'learning_rate': 0.1, 'max_depth': 3, 'n_estimators': 200, 'subsample': 1.0}",False,xgboost,2
33,0.2668658494949341,0.3124401913875598,0.4844213649851632,0.3798720186154741,0.6939859336873834,653.0,1437.0,4182.0,695.0,2090.0,29.998564661977895,0.34233837024515146,7,"{'colsample_bytree': 1.0, 'learning_rate': 0.1, 'max_depth': 6, 'n_estimators': 500, 'subsample': 0.8}",False,xgboost,2
34,0.3841666666666667,0.33849129593810445,0.5192878338278932,0.4098360655737705,0.7106358547437922,700.0,1368.0,4251.0,648.0,2068.0,29.68279029711497,0.3742333291660592,0,{},False,tuned_weighted_random_forest,3
35,0.46958838179447615,0.3507177033492823,0.5437685459940653,0.4264107038976149,0.7169513420410507,733.0,1357.0,4262.0,615.0,2090.0,29.998564661977895,0.4034790353006971,1,"{'class_weight': 'balanced', 'max_depth': None, 'max_features': 'sqrt', 'min_samples_leaf': 5, 'n_estimators': 200}",False,tuned_weighted_random_forest,3
36,0.33944793795949474,0.34880382775119617,0.5408011869436202,0.42408376963350786,0.7158030716233673,729.0,1361.0,4258.0,619.0,2090.0,29.998564661977895,0.3901870516011678,2,"{'class_weight': 'balanced_subsample', 'max_depth': 16, 'max_features': 0.7, 'min_samples_leaf': 3, 'n_estimators': 500}",False,tuned_weighted_random_forest,3
37,0.5044983111070911,0.35311004784688993,0.5474777448071216,0.4293193717277487,0.7183866800631549,738.0,1352.0,4267.0,610.0,2090.0,29.998564661977895,0.39494005725504056,3,"{'class_weight': 'balanced', 'max_depth': 8, 'max_features': 0.7, 'min_samples_leaf': 1, 'n_estimators': 200}",False,tuned_weighted_random_forest,3
38,0.3557077418016835,0.3464114832535885,0.5370919881305638,0.42117510180337403,0.714367733601263,724.0,1366.0,4253.0,624.0,2090.0,29.998564661977895,0.39297866303098056,4,"{'class_weight': 'balanced_subsample', 'max_depth': 16, 'max_features': 'sqrt', 'min_samples_leaf': 3, 'n_estimators': 200}",False,tuned_weighted_random_forest,3
39,0.380690476190476,0.33940556088207097,0.5252225519287834,0.41234711706464766,0.7103487871393713,708.0,1378.0,4241.0,640.0,2086.0,29.94115114109373,0.37646908004347335,5,"{'class_weight': 'balanced', 'max_depth': None, 'max_features': 'sqrt', 'min_samples_leaf': 1, 'n_estimators': 200}",False,tuned_weighted_random_forest,3
40,0.46990240352761814,0.35454545454545455,0.5497032640949555,0.43106457242582896,0.7192478828764174,741.0,1349.0,4270.0,607.0,2090.0,29.998564661977895,0.40359805702473645,6,"{'class_weight': 'balanced', 'max_depth': 16, 'max_features': 'sqrt', 'min_samples_leaf': 5, 'n_estimators': 200}",True,tuned_weighted_random_forest,3
41,0.4682842863284741,0.35023923444976074,0.543026706231454,0.4258289703315881,0.7166642744366298,732.0,1358.0,4261.0,616.0,2090.0,29.998564661977895,0.3992483122975207,7,"{'class_weight': 'balanced_subsample', 'max_depth': 8, 'max_features': 'sqrt', 'min_samples_leaf': 3, 'n_estimators': 200}",False,tuned_weighted_random_forest,3
42,0.465610006473352,0.34688995215311,0.537833827893175,0.42175683536940084,0.7146548012056839,725.0,1365.0,4254.0,623.0,2090.0,29.998564661977895,0.3924418846462471,8,"{'class_weight': 'balanced', 'max_depth': None, 'max_features': 0.7, 'min_samples_leaf': 5, 'n_estimators': 200}",False,tuned_weighted_random_forest,3
43,0.4106488525867462,0.3266379722620756,0.5066765578635015,0.3972084908403606,0.7024544280177982,683.0,1408.0,4211.0,665.0,2091.0,30.012918042198937,0.36202469368095785,0,"{'colsample_bytree': 1.0, 'learning_rate': 0.1, 'max_depth': 6, 'n_estimators': 200, 'subsample': 1.0}",False,xgboost,3
44,0.5177814960479736,0.34880382775119617,0.5408011869436202,0.42408376963350786,0.7158030716233673,729.0,1361.0,4258.0,619.0,2090.0,29.998564661977895,0.3895503703565583,1,"{'colsample_bytree': 0.8, 'learning_rate': 0.03, 'max_depth': 3, 'n_estimators': 500, 'subsample': 0.8}",False,xgboost,3
45,0.2978423535823822,0.3157894736842105,0.4896142433234421,0.38394415357766143,0.6959954069183293,660.0,1430.0,4189.0,688.0,2090.0,29.998564661977895,0.3480655749511846,2,"{'colsample_bytree': 0.8, 'learning_rate': 0.1, 'max_depth': 6, 'n_estimators': 500, 'subsample': 1.0}",False,xgboost,3
46,0.5162314772605896,0.33636363636363636,0.521513353115727,0.4089586969168121,0.7083393139084254,703.0,1387.0,4232.0,645.0,2090.0,29.998564661977895,0.3869704988117696,3,"{'colsample_bytree': 1.0, 'learning_rate': 0.1, 'max_depth': 3, 'n_estimators': 200, 'subsample': 0.8}",False,xgboost,3
47,0.5313039422035217,0.35311004784688993,0.5474777448071216,0.4293193717277487,0.7183866800631549,738.0,1352.0,4267.0,610.0,2090.0,29.998564661977895,0.3849209940805629,4,"{'colsample_bytree': 1.0, 'learning_rate': 0.03, 'max_depth': 3, 'n_estimators': 200, 'subsample': 1.0}",True,xgboost,3
48,0.5125120282173157,0.3416267942583732,0.5296735905044511,0.41535776614310643,0.7114970575570547,714.0,1376.0,4243.0,634.0,2090.0,29.998564661977895,0.37981636431104926,5,"{'colsample_bytree': 0.8, 'learning_rate': 0.1, 'max_depth': 3, 'n_estimators': 200, 'subsample': 0.8}",False,xgboost,3
49,0.511027991771698,0.3473684210526316,0.5385756676557863,0.4223385689354276,0.7149418688101048,726.0,1364.0,4255.0,622.0,2090.0,29.998564661977895,0.3792882385777701,6,"{'colsample_bytree': 0.8, 'learning_rate': 0.1, 'max_depth': 3, 'n_estimators': 200, 'subsample': 1.0}",False,xgboost,3
50,0.2697286605834961,0.3229665071770335,0.5007418397626113,0.39267015706806285,0.7003014209846419,675.0,1415.0,4204.0,673.0,2090.0,29.998564661977895,0.3552948827907958,7,"{'colsample_bytree': 1.0, 'learning_rate': 0.1, 'max_depth': 6, 'n_estimators': 500, 'subsample': 0.8}",False,xgboost,3
51,0.39,0.3344186046511628,0.5333827893175074,0.41109205260148657,0.7042354630294329,719.0,1431.0,4186.0,629.0,2150.0,30.868628858578607,0.37593971994423486,0,{},False,tuned_weighted_random_forest,4
52,0.47089900199362317,0.3518429870751556,0.5452522255192879,0.42769857433808556,0.7175879396984924,735.0,1354.0,4263.0,613.0,2089.0,29.992821249102658,0.40791854762878016,1,"{'class_weight': 'balanced', 'max_depth': None, 'max_features': 'sqrt', 'min_samples_leaf': 5, 'n_estimators': 200}",False,tuned_weighted_random_forest,4
53,0.33697304590258487,0.3556725706079464,0.5511869436201781,0.432353796915915,0.7198851399856425,743.0,1346.0,4271.0,605.0,2089.0,29.992821249102658,0.39282389522425154,2,"{'class_weight': 'balanced_subsample', 'max_depth': 16, 'max_features': 0.7, 'min_samples_leaf': 3, 'n_estimators': 500}",False,tuned_weighted_random_forest,4
54,0.49852091703165713,0.3585447582575395,0.5556379821958457,0.43584521384928715,0.721608040201005,749.0,1340.0,4277.0,599.0,2089.0,29.992821249102658,0.40145488430967025,3,"{'class_weight': 'balanced', 'max_depth': 8, 'max_features': 0.7, 'min_samples_leaf': 1, 'n_estimators': 200}",False,tuned_weighted_random_forest,4
55,0.35482068044310566,0.3518429870751556,0.5452522255192879,0.42769857433808556,0.7175879396984924,735.0,1354.0,4263.0,613.0,2089.0,29.992821249102658,0.40171462695123694,4,"{'class_weight': 'balanced_subsample', 'max_depth': 16, 'max_features': 'sqrt', 'min_samples_leaf': 3, 'n_estimators': 200}",False,tuned_weighted_random_forest,4
56,0.3851190476190476,0.34328358208955223,0.5289317507418397,0.41635036496350364,0.7129935391241924,713.0,1364.0,4253.0,635.0,2077.0,29.820531227566406,0.38129327295120985,5,"{'class_weight': 'balanced', 'max_depth': None, 'max_features': 'sqrt', 'min_samples_leaf': 1, 'n_estimators': 200}",False,tuned_weighted_random_forest,4
57,0.4696234232775284,0.35519387266634755,0.5504451038575667,0.4317718940936864,0.7195979899497488,742.0,1347.0,4270.0,606.0,2089.0,29.992821249102658,0.4082882064164166,6,"{'class_weight': 'balanced', 'max_depth': 16, 'max_features': 'sqrt', 'min_samples_leaf': 5, 'n_estimators': 200}",False,tuned_weighted_random_forest,4
58,0.4662670857603642,0.3575873623743418,0.5541543026706232,0.4346814082048298,0.7210337401292175,747.0,1342.0,4275.0,601.0,2089.0,29.992821249102658,0.40307699642522166,7,"{'class_weight': 'balanced_subsample', 'max_depth': 8, 'max_features': 'sqrt', 'min_samples_leaf': 3, 'n_estimators': 200}",False,tuned_weighted_random_forest,4
59,0.4608881469983654,0.36189564384873146,0.5608308605341247,0.439918533604888,0.7236180904522613,756.0,1333.0,4284.0,592.0,2089.0,29.992821249102658,0.40229648219670056,8,"{'class_weight': 'balanced', 'max_depth': None, 'max_features': 0.7, 'min_samples_leaf': 5, 'n_estimators': 200}",True,tuned_weighted_random_forest,4
60,0.40766042470932007,0.3255146002872188,0.5044510385756676,0.3956939191155077,0.701794687724336,680.0,1409.0,4208.0,668.0,2089.0,29.992821249102658,0.36610433415012894,0,"{'colsample_bytree': 1.0, 'learning_rate': 0.1, 'max_depth': 6, 'n_estimators': 200, 'subsample': 1.0}",False,xgboost,4
61,0.5201023817062378,0.35327908089995214,0.5474777448071216,0.4294442828047716,0.7184493898061737,738.0,1351.0,4266.0,610.0,2089.0,29.992821249102658,0.3998449779000568,1,"{'colsample_bytree': 0.8, 'learning_rate': 0.03, 'max_depth': 3, 'n_estimators': 500, 'subsample': 0.8}",True,xgboost,4
62,0.29062873125076294,0.3178554332216372,0.49258160237388726,0.3863834739598487,0.6972002871500359,664.0,1425.0,4192.0,684.0,2089.0,29.992821249102658,0.3500335013736561,2,"{'colsample_bytree': 0.8, 'learning_rate': 0.1, 'max_depth': 6, 'n_estimators': 500, 'subsample': 1.0}",False,xgboost,4
63,0.5124461650848389,0.3508855911919579,0.5437685459940653,0.42653476869362816,0.717013639626705,733.0,1356.0,4261.0,615.0,2089.0,29.992821249102658,0.39233071120755314,3,"{'colsample_bytree': 1.0, 'learning_rate': 0.1, 'max_depth': 3, 'n_estimators': 200, 'subsample': 0.8}",False,xgboost,4
64,0.53477543592453,0.35280038295835325,0.5467359050445104,0.4288623799825429,0.7181622397702799,737.0,1352.0,4265.0,611.0,2089.0,29.992821249102658,0.4024172247967831,4,"{'colsample_bytree': 1.0, 'learning_rate': 0.03, 'max_depth': 3, 'n_estimators': 200, 'subsample': 1.0}",False,xgboost,4
65,0.514880359172821,0.34849210148396365,0.5400593471810089,0.42362525458248473,0.7155778894472362,728.0,1361.0,4256.0,620.0,2089.0,29.992821249102658,0.3940290186927137,5,"{'colsample_bytree': 0.8, 'learning_rate': 0.1, 'max_depth': 3, 'n_estimators': 200, 'subsample': 0.8}",False,xgboost,4
66,0.5150366425514221,0.34801340354236476,0.5393175074183977,0.42304335176025604,0.7152907394113425,727.0,1362.0,4255.0,621.0,2089.0,29.992821249102658,0.3861830106916042,6,"{'colsample_bytree': 0.8, 'learning_rate': 0.1, 'max_depth': 3, 'n_estimators': 200, 'subsample': 1.0}",False,xgboost,4
67,0.2606029808521271,0.32248803827751193,0.5,0.39208842350203604,0.6999282124910265,674.0,1416.0,4201.0,674.0,2090.0,30.007178750897346,0.3529189082220819,7,"{'colsample_bytree': 1.0, 'learning_rate': 0.1, 'max_depth': 6, 'n_estimators': 500, 'subsample': 0.8}",False,xgboost,4
68,0.39,0.34171808258187,0.5341246290801187,0.41678726483357453,0.7107793885460025,720.0,1387.0,4232.0,628.0,2107.0,30.242572125735613,0.3807051768334895,0,{},False,tuned_weighted_random_forest,5
69,0.4658511804187196,0.34880382775119617,0.5408011869436202,0.42408376963350786,0.7158030716233673,729.0,1361.0,4258.0,619.0,2090.0,29.998564661977895,0.3987865656789322,1,"{'class_weight': 'balanced', 'max_depth': None, 'max_features': 'sqrt', 'min_samples_leaf': 5, 'n_estimators': 200}",False,tuned_weighted_random_forest,5
70,0.3329473582279223,0.3435406698564593,0.5326409495548962,0.4176847004072135,0.712645327974738,718.0,1372.0,4247.0,630.0,2090.0,29.998564661977895,0.39548123210817576,2,"{'class_weight': 'balanced_subsample', 'max_depth': 16, 'max_features': 0.7, 'min_samples_leaf': 3, 'n_estimators': 500}",False,tuned_weighted_random_forest,5
71,0.49981172300395327,0.3521531100478469,0.5459940652818991,0.4281559045956952,0.7178125448543132,736.0,1354.0,4265.0,612.0,2090.0,29.998564661977895,0.4045741201927646,3,"{'class_weight': 'balanced', 'max_depth': 8, 'max_features': 0.7, 'min_samples_leaf': 1, 'n_estimators': 200}",False,tuned_weighted_random_forest,5
72,0.3514399009468985,0.34258373205741627,0.5311572700296736,0.41652123327516,0.7120711927658964,716.0,1374.0,4245.0,632.0,2090.0,29.998564661977895,0.3962090393604865,4,"{'class_weight': 'balanced_subsample', 'max_depth': 16, 'max_features': 'sqrt', 'min_samples_leaf': 3, 'n_estimators': 200}",False,tuned_weighted_random_forest,5
73,0.3876904761904762,0.3406698564593301,0.5281899109792285,0.4141942990110529,0.710922922348213,712.0,1378.0,4241.0,636.0,2090.0,29.998564661977895,0.3850386747834965,5,"{'class_weight': 'balanced', 'max_depth': None, 'max_features': 'sqrt', 'min_samples_leaf': 1, 'n_estimators': 200}",False,tuned_weighted_random_forest,5
74,0.46948689357689444,0.3497607655502392,0.5422848664688428,0.42524723676556136,0.716377206832209,731.0,1359.0,4260.0,617.0,2090.0,29.998564661977895,0.39732610558507686,6,"{'class_weight': 'balanced', 'max_depth': 16, 'max_features': 'sqrt', 'min_samples_leaf': 5, 'n_estimators': 200}",False,tuned_weighted_random_forest,5
75,0.46402980226700064,0.3535885167464115,0.548219584569733,0.42990110529377545,0.7186737476675757,739.0,1351.0,4268.0,609.0,2090.0,29.998564661977895,0.3989801588309748,7,"{'class_weight': 'balanced_subsample', 'max_depth': 8, 'max_features': 'sqrt', 'min_samples_leaf': 3, 'n_estimators': 200}",True,tuned_weighted_random_forest,5
76,0.46042396840158994,0.34832535885167465,0.5400593471810089,0.4235020360674811,0.7155160040189464,728.0,1362.0,4257.0,620.0,2090.0,29.998564661977895,0.3957378798115102,8,"{'class_weight': 'balanced', 'max_depth': None, 'max_features': 0.7, 'min_samples_leaf': 5, 'n_estimators': 200}",False,tuned_weighted_random_forest,5
77,0.4102296531200409,0.3339712918660287,0.5178041543026706,0.4060500290866783,0.7069039758863213,698.0,1392.0,4227.0,650.0,2090.0,29.998564661977895,0.3749557323340199,0,"{'colsample_bytree': 1.0, 'learning_rate': 0.1, 'max_depth': 6, 'n_estimators': 200, 'subsample': 1.0}",False,xgboost,5
78,0.5167328119277954,0.35023923444976074,0.543026706231454,0.4258289703315881,0.7166642744366298,732.0,1358.0,4261.0,616.0,2090.0,29.998564661977895,0.39265685048614235,1,"{'colsample_bytree': 0.8, 'learning_rate': 0.03, 'max_depth': 3, 'n_estimators': 500, 'subsample': 0.8}",False,xgboost,5
79,0.2916222810745239,0.3215311004784689,0.49851632047477745,0.39092495636998253,0.6994402181713794,672.0,1418.0,4201.0,676.0,2090.0,29.998564661977895,0.3563447856241825,2,"{'colsample_bytree': 0.8, 'learning_rate': 0.1, 'max_depth': 6, 'n_estimators': 500, 'subsample': 1.0}",False,xgboost,5
80,0.5136355757713318,0.3406698564593301,0.5281899109792285,0.4141942990110529,0.710922922348213,712.0,1378.0,4241.0,636.0,2090.0,29.998564661977895,0.3834538519906514,3,"{'colsample_bytree': 1.0, 'learning_rate': 0.1, 'max_depth': 3, 'n_estimators': 200, 'subsample': 0.8}",False,xgboost,5
81,0.5322381258010864,0.35789473684210527,0.5548961424332344,0.4351367073880163,0.7212573561073633,748.0,1342.0,4277.0,600.0,2090.0,29.998564661977895,0.3901672247556466,4,"{'colsample_bytree': 1.0, 'learning_rate': 0.03, 'max_depth': 3, 'n_estimators': 200, 'subsample': 1.0}",True,xgboost,5
82,0.5110820531845093,0.3435406698564593,0.5326409495548962,0.4176847004072135,0.712645327974738,718.0,1372.0,4247.0,630.0,2090.0,29.998564661977895,0.3833959858212535,5,"{'colsample_bytree': 0.8, 'learning_rate': 0.1, 'max_depth': 3, 'n_estimators': 200, 'subsample': 0.8}",False,xgboost,5
83,0.511049747467041,0.3507177033492823,0.5437685459940653,0.4264107038976149,0.7169513420410507,733.0,1357.0,4262.0,615.0,2090.0,29.998564661977895,0.386531284107802,6,"{'colsample_bytree': 0.8, 'learning_rate': 0.1, 'max_depth': 3, 'n_estimators': 200, 'subsample': 1.0}",False,xgboost,5
84,0.2636968195438385,0.3244019138755981,0.5029673590504451,0.3944153577661431,0.7011626237979044,678.0,1412.0,4207.0,670.0,2090.0,29.998564661977895,0.3631385086169667,7,"{'colsample_bytree': 1.0, 'learning_rate': 0.1, 'max_depth': 6, 'n_estimators': 500, 'subsample': 0.8}",False,xgboost,5
