,model,budget,threshold,precision,recall,f1,accuracy,tp,fp,tn,fn,flagged_modules,flagged_percent,outer_fold,average_precision
0,tuned_weighted_random_forest,0.3,0.5229446858023774,0.35564053537284895,0.5519287833827893,0.4325581395348837,0.7198622273249139,186.0,337.0,1068.0,151.0,523.0,30.02296211251435,1,0.38262434390848177
1,xgboost,0.3,0.5371500849723816,0.34990439770554493,0.543026706231454,0.4255813953488372,0.7164179104477612,183.0,340.0,1065.0,154.0,523.0,30.02296211251435,1,0.3809362962466148
2,xgboost_without_b,0.3,0.536259651184082,0.361376673040153,0.5608308605341247,0.43953488372093025,0.7233065442020666,189.0,334.0,1071.0,148.0,523.0,30.02296211251435,1,0.3850447342107126
3,tuned_weighted_random_forest,0.3,0.48475344267919873,0.3850574712643678,0.5964391691394659,0.4679860302677532,0.7375071797817346,201.0,321.0,1083.0,136.0,522.0,29.982768523836878,2,0.4505635640279948
4,xgboost,0.3,0.5436453819274902,0.3773946360153257,0.5845697329376854,0.4586728754365541,0.7329121194715681,197.0,325.0,1079.0,140.0,522.0,29.982768523836878,2,0.4545477902796426
5,xgboost_without_b,0.3,0.5421330332756042,0.3773946360153257,0.5845697329376854,0.4586728754365541,0.7329121194715681,197.0,325.0,1079.0,140.0,522.0,29.982768523836878,2,0.4560632766012441
6,tuned_weighted_random_forest,0.3,0.4697873583166902,0.3735632183908046,0.5786350148367952,0.4540162980209546,0.7306145893164848,195.0,327.0,1077.0,142.0,522.0,29.982768523836878,3,0.4223064893243984
7,xgboost,0.3,0.5228945016860962,0.36973180076628354,0.5727002967359051,0.44935972060535506,0.7283170591614015,193.0,329.0,1075.0,144.0,522.0,29.982768523836878,3,0.4204226223699054
8,xgboost_without_b,0.3,0.5249256491661072,0.36398467432950193,0.5637982195845698,0.44237485448195574,0.7248707639287766,190.0,332.0,1072.0,147.0,522.0,29.982768523836878,3,0.4190027963200628
9,tuned_weighted_random_forest,0.3,0.46023983335206253,0.35564053537284895,0.5519287833827893,0.4325581395348837,0.7200229489386116,186.0,337.0,1069.0,151.0,523.0,30.005737234652898,4,0.4003718468756178
10,xgboost,0.3,0.5350602269172668,0.35564053537284895,0.5519287833827893,0.4325581395348837,0.7200229489386116,186.0,337.0,1069.0,151.0,523.0,30.005737234652898,4,0.40072833029375005
11,xgboost_without_b,0.3,0.5312480330467224,0.35946462715105165,0.5578635014836796,0.4372093023255814,0.7223178427997705,188.0,335.0,1071.0,149.0,523.0,30.005737234652898,4,0.4026378271694429
12,tuned_weighted_random_forest,0.3,0.4681301150723711,0.3448275862068966,0.5341246290801187,0.4190919674039581,0.7133831131533601,180.0,342.0,1062.0,157.0,522.0,29.982768523836878,5,0.38446941323362327
13,xgboost,0.3,0.5234118700027466,0.3326959847036329,0.516320474777448,0.4046511627906977,0.7059161401493395,174.0,349.0,1055.0,163.0,523.0,30.04020677771396,5,0.3875939431513544
14,xgboost_without_b,0.3,0.5218457579612732,0.33524904214559387,0.5192878338278932,0.4074505238649593,0.7076392877656519,175.0,347.0,1057.0,162.0,522.0,29.982768523836878,5,0.38892834345257765
