,model,outer_fold,parameters
0,tuned_weighted_random_forest,1,"{'class_weight': 'balanced', 'max_depth': 8, 'max_features': 0.7, 'min_samples_leaf': 1, 'n_estimators': 200}"
1,xgboost,1,"{'colsample_bytree': 1.0, 'learning_rate': 0.1, 'max_depth': 3, 'n_estimators': 200, 'subsample': 0.8}"
2,xgboost_without_b,1,"{'colsample_bytree': 1.0, 'learning_rate': 0.1, 'max_depth': 3, 'n_estimators': 200, 'subsample': 0.8}"
3,tuned_weighted_random_forest,2,"{'class_weight': 'balanced_subsample', 'max_depth': 8, 'max_features': 'sqrt', 'min_samples_leaf': 3, 'n_estimators': 200}"
4,xgboost,2,"{'colsample_bytree': 1.0, 'learning_rate': 0.03, 'max_depth': 3, 'n_estimators': 200, 'subsample': 1.0}"
5,xgboost_without_b,2,"{'colsample_bytree': 1.0, 'learning_rate': 0.03, 'max_depth': 3, 'n_estimators': 200, 'subsample': 1.0}"
6,tuned_weighted_random_forest,3,"{'class_weight': 'balanced', 'max_depth': 16, 'max_features': 'sqrt', 'min_samples_leaf': 5, 'n_estimators': 200}"
7,xgboost,3,"{'colsample_bytree': 1.0, 'learning_rate': 0.03, 'max_depth': 3, 'n_estimators': 200, 'subsample': 1.0}"
8,xgboost_without_b,3,"{'colsample_bytree': 1.0, 'learning_rate': 0.03, 'max_depth': 3, 'n_estimators': 200, 'subsample': 1.0}"
9,tuned_weighted_random_forest,4,"{'class_weight': 'balanced', 'max_depth': None, 'max_features': 0.7, 'min_samples_leaf': 5, 'n_estimators': 200}"
10,xgboost,4,"{'colsample_bytree': 0.8, 'learning_rate': 0.03, 'max_depth': 3, 'n_estimators': 500, 'subsample': 0.8}"
11,xgboost_without_b,4,"{'colsample_bytree': 0.8, 'learning_rate': 0.03, 'max_depth': 3, 'n_estimators': 500, 'subsample': 0.8}"
12,tuned_weighted_random_forest,5,"{'class_weight': 'balanced_subsample', 'max_depth': 8, 'max_features': 'sqrt', 'min_samples_leaf': 3, 'n_estimators': 200}"
13,xgboost,5,"{'colsample_bytree': 1.0, 'learning_rate': 0.03, 'max_depth': 3, 'n_estimators': 200, 'subsample': 1.0}"
14,xgboost_without_b,5,"{'colsample_bytree': 1.0, 'learning_rate': 0.03, 'max_depth': 3, 'n_estimators': 200, 'subsample': 1.0}"
