,model,budget,threshold,precision,recall,f1,accuracy,tp,fp,tn,fn,flagged_modules,flagged_percent,fold,average_precision
0,rf,0.3,0.5229446858023774,0.35564053537284895,0.5519287833827893,0.4325581395348837,0.7198622273249139,186.0,337.0,1068.0,151.0,523.0,30.02296211251435,1,0.38262434390848177
1,hgb,0.3,0.5241811933699992,0.361376673040153,0.5608308605341247,0.43953488372093025,0.7233065442020666,189.0,334.0,1071.0,148.0,523.0,30.02296211251435,1,0.374929127755376
2,xgb,0.3,0.5371500849723816,0.34990439770554493,0.543026706231454,0.4255813953488372,0.7164179104477612,183.0,340.0,1065.0,154.0,523.0,30.02296211251435,1,0.3809362962466148
3,average_three,0.3,0.5298168676689783,0.3652007648183556,0.5667655786350149,0.4441860465116279,0.7256027554535017,191.0,332.0,1073.0,146.0,523.0,30.02296211251435,1,0.38470333752887975
4,rf_hgb,0.3,0.5233263097451698,0.367112810707457,0.56973293768546,0.44651162790697674,0.7267508610792193,192.0,331.0,1074.0,145.0,523.0,30.02296211251435,1,0.38107300472013556
5,rf_xgb,0.3,0.529096809962196,0.35372848948374763,0.5489614243323442,0.43023255813953487,0.7187141216991964,185.0,338.0,1067.0,152.0,523.0,30.02296211251435,1,0.38537922739062214
6,hgb_xgb,0.3,0.537584033268794,0.3632887189292543,0.5637982195845698,0.4418604651162791,0.7244546498277842,190.0,333.0,1072.0,147.0,523.0,30.02296211251435,1,0.3822280253333035
7,rf_50_hgb_25_xgb_25,0.3,0.5266703917902656,0.361376673040153,0.5608308605341247,0.43953488372093025,0.7233065442020666,189.0,334.0,1071.0,148.0,523.0,30.02296211251435,1,0.3847461859520558
8,rf_60_hgb_20_xgb_20,0.3,0.5254876767471216,0.361376673040153,0.5608308605341247,0.43953488372093025,0.7233065442020666,189.0,334.0,1071.0,148.0,523.0,30.02296211251435,1,0.3834682817183733
9,rf,0.3,0.4847534426791987,0.3850574712643678,0.5964391691394659,0.4679860302677532,0.7375071797817346,201.0,321.0,1083.0,136.0,522.0,29.982768523836878,2,0.4505635640279948
10,hgb,0.3,0.5367722491873324,0.38049713193116635,0.5905044510385756,0.4627906976744186,0.7346352670878805,199.0,324.0,1080.0,138.0,523.0,30.04020677771396,2,0.45967827212907814
11,xgb,0.3,0.5436453819274902,0.3773946360153257,0.5845697329376854,0.4586728754365541,0.7329121194715681,197.0,325.0,1079.0,140.0,522.0,29.982768523836878,2,0.4545477902796426
12,average_three,0.3,0.5225724076279173,0.3773946360153257,0.5845697329376854,0.4586728754365541,0.7329121194715681,197.0,325.0,1079.0,140.0,522.0,29.982768523836878,2,0.45691322978187987
13,rf_hgb,0.3,0.508400099106585,0.38697318007662834,0.599406528189911,0.470314318975553,0.7386559448592763,202.0,320.0,1084.0,135.0,522.0,29.982768523836878,2,0.4578036097580173
14,rf_xgb,0.3,0.5144319598249356,0.3773946360153257,0.5845697329376854,0.4586728754365541,0.7329121194715681,197.0,325.0,1079.0,140.0,522.0,29.982768523836878,2,0.45537903887930775
15,hgb_xgb,0.3,0.5406589591944918,0.3773946360153257,0.5845697329376854,0.4586728754365541,0.7329121194715681,197.0,325.0,1079.0,140.0,522.0,29.982768523836878,2,0.45755719954096263
16,rf_50_hgb_25_xgb_25,0.3,0.512466428760326,0.3793103448275862,0.5875370919881305,0.4610011641443539,0.7340608845491097,198.0,324.0,1080.0,139.0,522.0,29.982768523836878,2,0.4565823998682707
17,rf_60_hgb_20_xgb_20,0.3,0.5073728352204607,0.3793103448275862,0.5875370919881305,0.4610011641443539,0.7340608845491097,198.0,324.0,1080.0,139.0,522.0,29.982768523836878,2,0.45645246050134014
18,rf,0.3,0.4697873583166902,0.3735632183908046,0.5786350148367952,0.4540162980209546,0.7306145893164848,195.0,327.0,1077.0,142.0,522.0,29.982768523836878,3,0.4223064893243984
19,hgb,0.3,0.5193811684308529,0.3773946360153257,0.5845697329376854,0.4586728754365541,0.7329121194715681,197.0,325.0,1079.0,140.0,522.0,29.982768523836878,3,0.4202133094579931
20,xgb,0.3,0.5228945016860962,0.36973180076628354,0.5727002967359051,0.44935972060535506,0.7283170591614015,193.0,329.0,1075.0,144.0,522.0,29.982768523836878,3,0.4204226223699054
21,average_three,0.3,0.4992379529022535,0.3716475095785441,0.5756676557863502,0.45168800931315484,0.7294658242389431,194.0,328.0,1076.0,143.0,522.0,29.982768523836878,3,0.4269163211165956
22,rf_hgb,0.3,0.49167310616468696,0.3793103448275862,0.5875370919881305,0.4610011641443539,0.7340608845491097,198.0,324.0,1080.0,139.0,522.0,29.982768523836878,3,0.42871733766717196
23,rf_xgb,0.3,0.4939663933794405,0.37547892720306514,0.5816023738872403,0.4563445867287544,0.7317633543940264,196.0,326.0,1078.0,141.0,522.0,29.982768523836878,3,0.42667754731484564
24,hgb_xgb,0.3,0.5237971104812789,0.3716475095785441,0.5756676557863502,0.45168800931315484,0.7294658242389431,194.0,328.0,1076.0,143.0,522.0,29.982768523836878,3,0.4210346973557865
25,rf_50_hgb_25_xgb_25,0.3,0.49173874028566783,0.38122605363984674,0.5905044510385756,0.46332945285215366,0.7352096496266514,199.0,323.0,1081.0,138.0,522.0,29.982768523836878,3,0.4283476822770149
26,rf_60_hgb_20_xgb_20,0.3,0.48777707707831564,0.3793103448275862,0.5875370919881305,0.4610011641443539,0.7340608845491097,198.0,324.0,1080.0,139.0,522.0,29.982768523836878,3,0.4281272613192599
27,rf,0.3,0.4602398333520625,0.35564053537284895,0.5519287833827893,0.4325581395348837,0.7200229489386116,186.0,337.0,1069.0,151.0,523.0,30.005737234652898,4,0.4003718468756178
28,hgb,0.3,0.5315385023177491,0.35372848948374763,0.5489614243323442,0.43023255813953487,0.7188755020080321,185.0,338.0,1068.0,152.0,523.0,30.005737234652898,4,0.4032102447588992
29,xgb,0.3,0.5350602269172668,0.35564053537284895,0.5519287833827893,0.4325581395348837,0.7200229489386116,186.0,337.0,1069.0,151.0,523.0,30.005737234652898,4,0.40072833029375005
30,average_three,0.3,0.49992301058683464,0.361376673040153,0.5608308605341247,0.43953488372093025,0.72346528973035,189.0,334.0,1072.0,148.0,523.0,30.005737234652898,4,0.40674888496721784
31,rf_hgb,0.3,0.4897127649623356,0.35946462715105165,0.5578635014836796,0.4372093023255814,0.7223178427997705,188.0,335.0,1071.0,149.0,523.0,30.005737234652898,4,0.407746648980445
32,rf_xgb,0.3,0.4884844012737367,0.361376673040153,0.5608308605341247,0.43953488372093025,0.72346528973035,189.0,334.0,1072.0,148.0,523.0,30.005737234652898,4,0.4050485533577283
33,hgb_xgb,0.3,0.5304954002207924,0.35564053537284895,0.5519287833827893,0.4325581395348837,0.7200229489386116,186.0,337.0,1069.0,151.0,523.0,30.005737234652898,4,0.4037146672332828
34,rf_50_hgb_25_xgb_25,0.3,0.4898487312817157,0.3652007648183556,0.5667655786350149,0.4441860465116279,0.7257601835915088,191.0,332.0,1074.0,146.0,523.0,30.005737234652898,4,0.4068909085342514
35,rf_60_hgb_20_xgb_20,0.3,0.4816013561540534,0.361376673040153,0.5608308605341247,0.43953488372093025,0.72346528973035,189.0,334.0,1072.0,148.0,523.0,30.005737234652898,4,0.4057770641037516
36,rf,0.3,0.4681301150723711,0.3448275862068966,0.5341246290801187,0.4190919674039581,0.7133831131533601,180.0,342.0,1062.0,157.0,522.0,29.982768523836878,5,0.38446941323362327
37,hgb,0.3,0.5053791341872942,0.3333333333333333,0.516320474777448,0.4051222351571595,0.7064905226881103,174.0,348.0,1056.0,163.0,522.0,29.982768523836878,5,0.3967554957482875
38,xgb,0.3,0.5234118700027466,0.3326959847036329,0.516320474777448,0.4046511627906977,0.7059161401493395,174.0,349.0,1055.0,163.0,523.0,30.04020677771396,5,0.3875939431513544
39,average_three,0.3,0.4956325900470684,0.33524904214559387,0.5192878338278932,0.4074505238649593,0.7076392877656519,175.0,347.0,1057.0,162.0,522.0,29.982768523836878,5,0.39233986183559266
40,rf_hgb,0.3,0.48596623180116666,0.3390804597701149,0.5252225519287834,0.4121071012805588,0.7099368179207353,177.0,345.0,1059.0,160.0,522.0,29.982768523836878,5,0.3903765862667128
41,rf_xgb,0.3,0.4923682865020348,0.33524904214559387,0.5192878338278932,0.4074505238649593,0.7076392877656519,175.0,347.0,1057.0,162.0,522.0,29.982768523836878,5,0.3878347793014694
42,hgb_xgb,0.3,0.5141007481005155,0.32950191570881227,0.5103857566765578,0.40046565774155995,0.704192992533027,172.0,350.0,1054.0,165.0,522.0,29.982768523836878,5,0.39445179261159224
43,rf_50_hgb_25_xgb_25,0.3,0.48686925426002625,0.3371647509578544,0.5222551928783383,0.409778812572759,0.7087880528431936,176.0,346.0,1058.0,161.0,522.0,29.982768523836878,5,0.38944517383738625
44,rf_60_hgb_20_xgb_20,0.3,0.48315734517743625,0.34674329501915707,0.5370919881305638,0.4214202561117579,0.7145318782309018,181.0,341.0,1063.0,156.0,522.0,29.982768523836878,5,0.3887884108593358
