,count,mean,std,min,25%,50%,75%,90%,99%,max,missing,zero_rows,negative_rows,noninteger_rows,skew
loc,8708.0,48.177893890675236,81.25949938519416,1.0,15.0,27.0,54.0,101.0,324.0,3442.0,0,0,0,1,14.73926713189298
v(g),8708.0,7.2391364262746905,13.993621831761788,1.0,2.0,4.0,8.0,15.0,50.0,470.0,0,0,0,1,14.710479285863428
ev(g),8708.0,3.814469453376206,7.305362843270403,1.0,1.0,1.0,4.0,9.0,33.0,165.0,0,0,0,1,7.7714733359603345
iv(g),8708.0,4.495796968305007,9.813280368664161,1.0,1.0,2.0,5.0,9.0,32.0,402.0,0,0,0,1,20.708901545013852
n,8708.0,133.2483118971061,265.0660407675939,0.0,27.0,64.0,139.0,298.0,1178.6000000000058,8441.0,0,914,0,1,10.18908136600611
v,8708.0,788.2054719797886,2078.3378854860716,0.0,106.2,299.56,738.6525,1748.5980000000009,7934.262400000009,80843.08,0,928,0,7293,15.12906660511622
l,8708.0,0.09741042719338541,0.10209120715465446,0.0,0.03,0.07,0.13,0.22,0.5,1.3,0,943,0,7763,2.460324551537431
d,8708.0,16.293693155718877,19.368187409312117,0.0,5.63,11.395,21.21,34.71900000000001,85.49440000000003,418.2,0,934,0,6660,6.057495532018542
i,8708.0,33.17445337620579,36.144532913064815,0.0,15.07,25.28,40.4975,63.165000000000006,177.22530000000006,569.78,0,934,0,7655,5.0845714599853205
e,8708.0,42992.28101171337,474884.1295773083,0.0,630.91,3483.7349999999997,15036.1875,56769.46200000003,529739.8332000048,31079782.27,0,934,0,7498,43.41365156288744
b,8708.0,0.26296623794212215,0.692910023182454,0.0,0.04,0.1,0.25,0.58,2.648600000000006,26.95,0,960,0,7736,15.122583186501677
t,8708.0,2388.460211299954,26382.451510711617,0.0,35.055,193.54500000000002,835.345,3153.8590000000017,29429.99010000026,1726654.57,0,934,0,7634,43.41365193828229
lOCode,8708.0,30.603582912264585,63.50261239602785,0.0,7.0,16.0,33.0,67.0,234.0,2824.0,0,919,0,0,17.296994924175085
lOComment,8708.0,3.2254248966467616,9.738751766449209,0.0,0.0,0.0,3.0,9.0,42.0,344.0,0,5308,0,0,10.877908285272987
lOBlank,8708.0,5.432705558107488,10.64672037826813,0.0,1.0,3.0,6.0,12.300000000000182,43.0,447.0,0,1754,0,0,13.345456863317283
locCodeAndComment,8708.0,0.4374138723013321,2.099316819432,0.0,0.0,0.0,0.0,1.0,8.0,108.0,0,7486,0,0,20.759348302698964
uniq_Op,8703.0,12.484108927955877,10.40755891139819,0.0,8.0,12.0,17.0,21.0,33.0,411.0,5,913,0,1,15.978087550803432
uniq_Opnd,8703.0,19.288544180167758,28.4376790779701,0.0,7.0,13.0,23.0,40.0,109.97999999999956,1026.0,5,933,0,1,13.633823298618768
total_Op,8703.0,79.20305641732735,160.93471619681677,0.0,16.0,38.0,83.0,175.0,675.9399999999987,5420.0,5,913,0,1,10.99832515985311
total_Opnd,8703.0,54.18697001034126,106.69589052417126,0.0,10.0,25.0,57.0,122.0,465.97999999999956,3021.0,5,933,0,1,9.170625856103712
branchCount,8703.0,12.99694358267264,24.147666551791186,1.0,3.0,7.0,15.0,27.0,97.0,826.0,5,0,0,1,11.295639691819417
