,model,outer_fold,parameters,log_features,dropped_features
0,weighted_random_forest__original,1,"{'class_weight': 'balanced', 'max_depth': 8, 'max_features': 0.7, 'min_samples_leaf': 1, 'n_estimators': 200}",[],[]
1,weighted_random_forest__ratios,1,"{'class_weight': 'balanced', 'max_depth': 8, 'max_features': 0.7, 'min_samples_leaf': 1, 'n_estimators': 200}",[],[]
2,weighted_random_forest__logs,1,"{'class_weight': 'balanced', 'max_depth': 8, 'max_features': 0.7, 'min_samples_leaf': 1, 'n_estimators': 200}","['loc', 'v(g)', 'ev(g)', 'iv(g)', 'n', 'lOCode', 'lOComment', 'lOBlank', 'locCodeAndComment', 'uniq_Op', 'uniq_Opnd', 'total_Op', 'total_Opnd', 'branchCount']",[]
3,weighted_random_forest__engineered,1,"{'class_weight': 'balanced', 'max_depth': 8, 'max_features': 0.7, 'min_samples_leaf': 1, 'n_estimators': 200}","['loc', 'v(g)', 'ev(g)', 'iv(g)', 'n', 'lOCode', 'lOComment', 'lOBlank', 'locCodeAndComment', 'uniq_Op', 'uniq_Opnd', 'total_Op', 'total_Opnd', 'branchCount']",[]
4,weighted_random_forest__pruned,1,"{'class_weight': 'balanced', 'max_depth': 8, 'max_features': 0.7, 'min_samples_leaf': 1, 'n_estimators': 200}",[],"['b', 't', 'n']"
5,hist_gradient_boosting__original,1,"{'l2_regularization': 0.0, 'learning_rate': 0.03, 'max_iter': 100, 'max_leaf_nodes': 15, 'min_samples_leaf': 10}",[],[]
6,hist_gradient_boosting__ratios,1,"{'l2_regularization': 0.0, 'learning_rate': 0.03, 'max_iter': 100, 'max_leaf_nodes': 15, 'min_samples_leaf': 10}",[],[]
7,hist_gradient_boosting__logs,1,"{'l2_regularization': 0.0, 'learning_rate': 0.03, 'max_iter': 100, 'max_leaf_nodes': 15, 'min_samples_leaf': 10}","['loc', 'v(g)', 'ev(g)', 'iv(g)', 'n', 'lOCode', 'lOComment', 'lOBlank', 'locCodeAndComment', 'uniq_Op', 'uniq_Opnd', 'total_Op', 'total_Opnd', 'branchCount']",[]
8,hist_gradient_boosting__engineered,1,"{'l2_regularization': 0.0, 'learning_rate': 0.03, 'max_iter': 100, 'max_leaf_nodes': 15, 'min_samples_leaf': 10}","['loc', 'v(g)', 'ev(g)', 'iv(g)', 'n', 'lOCode', 'lOComment', 'lOBlank', 'locCodeAndComment', 'uniq_Op', 'uniq_Opnd', 'total_Op', 'total_Opnd', 'branchCount']",[]
9,hist_gradient_boosting__pruned,1,"{'l2_regularization': 0.0, 'learning_rate': 0.03, 'max_iter': 100, 'max_leaf_nodes': 15, 'min_samples_leaf': 10}",[],"['b', 't', 'n']"
10,weighted_random_forest__original,2,"{'class_weight': 'balanced_subsample', 'max_depth': 8, 'max_features': 'sqrt', 'min_samples_leaf': 3, 'n_estimators': 200}",[],[]
11,weighted_random_forest__ratios,2,"{'class_weight': 'balanced_subsample', 'max_depth': 8, 'max_features': 'sqrt', 'min_samples_leaf': 3, 'n_estimators': 200}",[],[]
12,weighted_random_forest__logs,2,"{'class_weight': 'balanced_subsample', 'max_depth': 8, 'max_features': 'sqrt', 'min_samples_leaf': 3, 'n_estimators': 200}","['loc', 'v(g)', 'ev(g)', 'iv(g)', 'n', 'lOCode', 'lOComment', 'lOBlank', 'locCodeAndComment', 'uniq_Op', 'uniq_Opnd', 'total_Op', 'total_Opnd', 'branchCount']",[]
13,weighted_random_forest__engineered,2,"{'class_weight': 'balanced_subsample', 'max_depth': 8, 'max_features': 'sqrt', 'min_samples_leaf': 3, 'n_estimators': 200}","['loc', 'v(g)', 'ev(g)', 'iv(g)', 'n', 'lOCode', 'lOComment', 'lOBlank', 'locCodeAndComment', 'uniq_Op', 'uniq_Opnd', 'total_Op', 'total_Opnd', 'branchCount']",[]
14,weighted_random_forest__pruned,2,"{'class_weight': 'balanced_subsample', 'max_depth': 8, 'max_features': 'sqrt', 'min_samples_leaf': 3, 'n_estimators': 200}",[],"['b', 't', 'n']"
15,hist_gradient_boosting__original,2,"{'l2_regularization': 0.0, 'learning_rate': 0.03, 'max_iter': 100, 'max_leaf_nodes': 15, 'min_samples_leaf': 10}",[],[]
16,hist_gradient_boosting__ratios,2,"{'l2_regularization': 0.0, 'learning_rate': 0.03, 'max_iter': 100, 'max_leaf_nodes': 15, 'min_samples_leaf': 10}",[],[]
17,hist_gradient_boosting__logs,2,"{'l2_regularization': 0.0, 'learning_rate': 0.03, 'max_iter': 100, 'max_leaf_nodes': 15, 'min_samples_leaf': 10}","['loc', 'v(g)', 'ev(g)', 'iv(g)', 'n', 'lOCode', 'lOComment', 'lOBlank', 'locCodeAndComment', 'uniq_Op', 'uniq_Opnd', 'total_Op', 'total_Opnd', 'branchCount']",[]
18,hist_gradient_boosting__engineered,2,"{'l2_regularization': 0.0, 'learning_rate': 0.03, 'max_iter': 100, 'max_leaf_nodes': 15, 'min_samples_leaf': 10}","['loc', 'v(g)', 'ev(g)', 'iv(g)', 'n', 'lOCode', 'lOComment', 'lOBlank', 'locCodeAndComment', 'uniq_Op', 'uniq_Opnd', 'total_Op', 'total_Opnd', 'branchCount']",[]
19,hist_gradient_boosting__pruned,2,"{'l2_regularization': 0.0, 'learning_rate': 0.03, 'max_iter': 100, 'max_leaf_nodes': 15, 'min_samples_leaf': 10}",[],"['b', 't', 'n']"
20,weighted_random_forest__original,3,"{'class_weight': 'balanced', 'max_depth': 16, 'max_features': 'sqrt', 'min_samples_leaf': 5, 'n_estimators': 200}",[],[]
21,weighted_random_forest__ratios,3,"{'class_weight': 'balanced', 'max_depth': 16, 'max_features': 'sqrt', 'min_samples_leaf': 5, 'n_estimators': 200}",[],[]
22,weighted_random_forest__logs,3,"{'class_weight': 'balanced', 'max_depth': 16, 'max_features': 'sqrt', 'min_samples_leaf': 5, 'n_estimators': 200}","['loc', 'v(g)', 'ev(g)', 'iv(g)', 'n', 'lOCode', 'lOComment', 'lOBlank', 'locCodeAndComment', 'uniq_Op', 'uniq_Opnd', 'total_Op', 'total_Opnd', 'branchCount']",[]
23,weighted_random_forest__engineered,3,"{'class_weight': 'balanced', 'max_depth': 16, 'max_features': 'sqrt', 'min_samples_leaf': 5, 'n_estimators': 200}","['loc', 'v(g)', 'ev(g)', 'iv(g)', 'n', 'lOCode', 'lOComment', 'lOBlank', 'locCodeAndComment', 'uniq_Op', 'uniq_Opnd', 'total_Op', 'total_Opnd', 'branchCount']",[]
24,weighted_random_forest__pruned,3,"{'class_weight': 'balanced', 'max_depth': 16, 'max_features': 'sqrt', 'min_samples_leaf': 5, 'n_estimators': 200}",[],"['b', 't', 'n']"
25,hist_gradient_boosting__original,3,"{'l2_regularization': 0.0, 'learning_rate': 0.03, 'max_iter': 100, 'max_leaf_nodes': 15, 'min_samples_leaf': 10}",[],[]
26,hist_gradient_boosting__ratios,3,"{'l2_regularization': 0.0, 'learning_rate': 0.03, 'max_iter': 100, 'max_leaf_nodes': 15, 'min_samples_leaf': 10}",[],[]
27,hist_gradient_boosting__logs,3,"{'l2_regularization': 0.0, 'learning_rate': 0.03, 'max_iter': 100, 'max_leaf_nodes': 15, 'min_samples_leaf': 10}","['loc', 'v(g)', 'ev(g)', 'iv(g)', 'n', 'lOCode', 'lOComment', 'lOBlank', 'locCodeAndComment', 'uniq_Op', 'uniq_Opnd', 'total_Op', 'total_Opnd', 'branchCount']",[]
28,hist_gradient_boosting__engineered,3,"{'l2_regularization': 0.0, 'learning_rate': 0.03, 'max_iter': 100, 'max_leaf_nodes': 15, 'min_samples_leaf': 10}","['loc', 'v(g)', 'ev(g)', 'iv(g)', 'n', 'lOCode', 'lOComment', 'lOBlank', 'locCodeAndComment', 'uniq_Op', 'uniq_Opnd', 'total_Op', 'total_Opnd', 'branchCount']",[]
29,hist_gradient_boosting__pruned,3,"{'l2_regularization': 0.0, 'learning_rate': 0.03, 'max_iter': 100, 'max_leaf_nodes': 15, 'min_samples_leaf': 10}",[],"['b', 't', 'n']"
30,weighted_random_forest__original,4,"{'class_weight': 'balanced', 'max_depth': None, 'max_features': 0.7, 'min_samples_leaf': 5, 'n_estimators': 200}",[],[]
31,weighted_random_forest__ratios,4,"{'class_weight': 'balanced', 'max_depth': None, 'max_features': 0.7, 'min_samples_leaf': 5, 'n_estimators': 200}",[],[]
32,weighted_random_forest__logs,4,"{'class_weight': 'balanced', 'max_depth': None, 'max_features': 0.7, 'min_samples_leaf': 5, 'n_estimators': 200}","['loc', 'v(g)', 'ev(g)', 'iv(g)', 'n', 'lOCode', 'lOComment', 'lOBlank', 'locCodeAndComment', 'uniq_Op', 'uniq_Opnd', 'total_Op', 'total_Opnd', 'branchCount']",[]
33,weighted_random_forest__engineered,4,"{'class_weight': 'balanced', 'max_depth': None, 'max_features': 0.7, 'min_samples_leaf': 5, 'n_estimators': 200}","['loc', 'v(g)', 'ev(g)', 'iv(g)', 'n', 'lOCode', 'lOComment', 'lOBlank', 'locCodeAndComment', 'uniq_Op', 'uniq_Opnd', 'total_Op', 'total_Opnd', 'branchCount']",[]
34,weighted_random_forest__pruned,4,"{'class_weight': 'balanced', 'max_depth': None, 'max_features': 0.7, 'min_samples_leaf': 5, 'n_estimators': 200}",[],"['b', 't', 'n']"
35,hist_gradient_boosting__original,4,"{'l2_regularization': 0.0, 'learning_rate': 0.03, 'max_iter': 100, 'max_leaf_nodes': 15, 'min_samples_leaf': 10}",[],[]
36,hist_gradient_boosting__ratios,4,"{'l2_regularization': 0.0, 'learning_rate': 0.03, 'max_iter': 100, 'max_leaf_nodes': 15, 'min_samples_leaf': 10}",[],[]
37,hist_gradient_boosting__logs,4,"{'l2_regularization': 0.0, 'learning_rate': 0.03, 'max_iter': 100, 'max_leaf_nodes': 15, 'min_samples_leaf': 10}","['loc', 'v(g)', 'ev(g)', 'iv(g)', 'n', 'lOCode', 'lOComment', 'lOBlank', 'locCodeAndComment', 'uniq_Op', 'uniq_Opnd', 'total_Op', 'total_Opnd', 'branchCount']",[]
38,hist_gradient_boosting__engineered,4,"{'l2_regularization': 0.0, 'learning_rate': 0.03, 'max_iter': 100, 'max_leaf_nodes': 15, 'min_samples_leaf': 10}","['loc', 'v(g)', 'ev(g)', 'iv(g)', 'n', 'lOCode', 'lOComment', 'lOBlank', 'locCodeAndComment', 'uniq_Op', 'uniq_Opnd', 'total_Op', 'total_Opnd', 'branchCount']",[]
39,hist_gradient_boosting__pruned,4,"{'l2_regularization': 0.0, 'learning_rate': 0.03, 'max_iter': 100, 'max_leaf_nodes': 15, 'min_samples_leaf': 10}",[],"['b', 't', 'n']"
40,weighted_random_forest__original,5,"{'class_weight': 'balanced_subsample', 'max_depth': 8, 'max_features': 'sqrt', 'min_samples_leaf': 3, 'n_estimators': 200}",[],[]
41,weighted_random_forest__ratios,5,"{'class_weight': 'balanced_subsample', 'max_depth': 8, 'max_features': 'sqrt', 'min_samples_leaf': 3, 'n_estimators': 200}",[],[]
42,weighted_random_forest__logs,5,"{'class_weight': 'balanced_subsample', 'max_depth': 8, 'max_features': 'sqrt', 'min_samples_leaf': 3, 'n_estimators': 200}","['loc', 'v(g)', 'ev(g)', 'iv(g)', 'n', 'lOCode', 'lOComment', 'lOBlank', 'locCodeAndComment', 'uniq_Op', 'uniq_Opnd', 'total_Op', 'total_Opnd', 'branchCount']",[]
43,weighted_random_forest__engineered,5,"{'class_weight': 'balanced_subsample', 'max_depth': 8, 'max_features': 'sqrt', 'min_samples_leaf': 3, 'n_estimators': 200}","['loc', 'v(g)', 'ev(g)', 'iv(g)', 'n', 'lOCode', 'lOComment', 'lOBlank', 'locCodeAndComment', 'uniq_Op', 'uniq_Opnd', 'total_Op', 'total_Opnd', 'branchCount']",[]
44,weighted_random_forest__pruned,5,"{'class_weight': 'balanced_subsample', 'max_depth': 8, 'max_features': 'sqrt', 'min_samples_leaf': 3, 'n_estimators': 200}",[],"['b', 't', 'n']"
45,hist_gradient_boosting__original,5,"{'l2_regularization': 0.0, 'learning_rate': 0.03, 'max_iter': 100, 'max_leaf_nodes': 15, 'min_samples_leaf': 10}",[],[]
46,hist_gradient_boosting__ratios,5,"{'l2_regularization': 0.0, 'learning_rate': 0.03, 'max_iter': 100, 'max_leaf_nodes': 15, 'min_samples_leaf': 10}",[],[]
47,hist_gradient_boosting__logs,5,"{'l2_regularization': 0.0, 'learning_rate': 0.03, 'max_iter': 100, 'max_leaf_nodes': 15, 'min_samples_leaf': 10}","['loc', 'v(g)', 'ev(g)', 'iv(g)', 'n', 'lOCode', 'lOComment', 'lOBlank', 'locCodeAndComment', 'uniq_Op', 'uniq_Opnd', 'total_Op', 'total_Opnd', 'branchCount']",[]
48,hist_gradient_boosting__engineered,5,"{'l2_regularization': 0.0, 'learning_rate': 0.03, 'max_iter': 100, 'max_leaf_nodes': 15, 'min_samples_leaf': 10}","['loc', 'v(g)', 'ev(g)', 'iv(g)', 'n', 'lOCode', 'lOComment', 'lOBlank', 'locCodeAndComment', 'uniq_Op', 'uniq_Opnd', 'total_Op', 'total_Opnd', 'branchCount']",[]
49,hist_gradient_boosting__pruned,5,"{'l2_regularization': 0.0, 'learning_rate': 0.03, 'max_iter': 100, 'max_leaf_nodes': 15, 'min_samples_leaf': 10}",[],"['b', 't', 'n']"
