,loc,v(g),ev(g),iv(g),n,v,l,d,i,e,b,t,lOCode,lOComment,lOBlank,locCodeAndComment,uniq_Op,uniq_Opnd,total_Op,total_Opnd,branchCount
loc,1.0,0.8111018671432385,0.5034756234678412,0.7775409720316563,0.8805234625302918,0.9012315039969115,-0.2931025159073079,0.6788109789721607,0.4751962213287412,0.7593706330689501,0.9008566205004555,0.7593706288999025,0.921555579828824,0.6086713016991501,0.7979265820983783,0.26728382713820686,0.5173686108996466,0.7562673629961124,0.8812827421541078,0.8648351366042942,0.8243125979681586
v(g),0.8111018671432385,1.0,0.6896265040047415,0.8523509585089301,0.7232995584078497,0.7553601317814597,-0.26674697641340955,0.6591530033512675,0.27488883909485734,0.7109173136079111,0.7550811444780392,0.7109173125046013,0.7951907116227277,0.3699532875352419,0.5235143941468786,0.19396660344939357,0.645943193237254,0.6961491789134804,0.7373423586366566,0.6876695139646348,0.9700310008939783
ev(g),0.5034756234678412,0.6896265040047415,1.0,0.630921281104622,0.45138122415034937,0.43286284958301857,-0.25607111545364775,0.41302439083817694,0.18646893240965914,0.30831033597507407,0.43262629598545865,0.30831033312211337,0.44274730004641794,0.27846293865187893,0.32252102029791146,0.17940510265718404,0.2306673522939854,0.3151741436037598,0.46551316335453463,0.420899984283496,0.7783344654518225
iv(g),0.7775409720316563,0.8523509585089301,0.630921281104622,1.0,0.6960170337300323,0.7382969815423052,-0.2046037297416686,0.5639301194010283,0.2893740217101979,0.7572051687293916,0.7380948882208698,0.7572051654156579,0.7687473643638647,0.3417166916935288,0.5293725274214129,0.19262106210960814,0.4900013445834553,0.6101800441025441,0.7098373248829019,0.6611009724024444,0.8530116735277335
n,0.8805234625302918,0.7232995584078497,0.45138122415034937,0.6960170337300323,1.0,0.9843421892616329,-0.24420264196507946,0.8025890727100911,0.6344379565490689,0.7208628606157381,0.9839663341681405,0.7208628553167551,0.9440186405093941,0.5882291312712672,0.7896326241078484,0.27463133640372234,0.5930832389463566,0.8293807715636238,0.9957537053427221,0.9895820967828728,0.7417015336555994
v,0.9012315039969115,0.7553601317814597,0.43286284958301857,0.7382969815423052,0.9843421892616329,1.0,-0.20509504903245912,0.7490754367909073,0.584963686686518,0.8028937518451557,0.999670654746445,0.8028937482313411,0.9626639016468324,0.5701456756101709,0.7850424908321418,0.25714035761337595,0.5999593399840227,0.8504616721323092,0.98200165250214,0.9716586858190065,0.756460563450501
l,-0.2931025159073079,-0.26674697641340955,-0.25607111545364775,-0.2046037297416686,-0.24420264196507946,-0.20509504903245912,1.0,-0.3503402489114235,-0.07042588738503588,-0.07043919310252135,-0.20104481961932258,-0.07043909263130771,-0.21740135296028176,-0.16181587322390686,-0.2038558088045253,-0.1012734239062476,-0.2601860369426865,-0.1990932416512554,-0.24169705224192217,-0.24305578618963095,-0.295056994684598
d,0.6788109789721607,0.6591530033512675,0.41302439083817694,0.5639301194010283,0.8025890727100911,0.7490754367909073,-0.3503402489114235,1.0,0.35382096294516735,0.5840030468453808,0.7486204129269571,0.5840030384896608,0.7631289309429166,0.490843314319978,0.6209651344069546,0.23754621111051397,0.7259459433336385,0.6196792152491692,0.8117152176160035,0.7727309764011753,0.6602842911729774
i,0.4751962213287412,0.27488883909485734,0.18646893240965914,0.2893740217101979,0.6344379565490689,0.584963686686518,-0.07042588738503588,0.35382096294516735,1.0,0.20474871081048152,0.5844888502430585,0.2047487028523256,0.5437044341787273,0.36937788672235394,0.5453845460017326,0.2070216613482554,0.3340297368766208,0.7034950563038981,0.6039185378943793,0.6717255125411962,0.29573066113728036
e,0.7593706330689501,0.7109173136079111,0.30831033597507407,0.7572051687293916,0.7208628606157381,0.8028937518451557,-0.07043919310252135,0.5840030468453808,0.20474871081048152,1.0,0.802764114782532,0.9999999999997938,0.8147735366632916,0.38658843868553633,0.6063557993063498,0.1409959643832249,0.49531350485008774,0.5934474989370105,0.740519205802294,0.6770844227591647,0.6707630985326414
b,0.9008566205004555,0.7550811444780392,0.43262629598545865,0.7380948882208698,0.9839663341681405,0.999670654746445,-0.20104481961932258,0.7486204129269571,0.5844888502430585,0.802764114782532,1.0,0.8027641271104703,0.9623285635383131,0.5699530275084148,0.7847477393909215,0.25732926762727254,0.5994130377614142,0.8500368172800378,0.981639072578762,0.9712764972507597,0.7561644220538691
t,0.7593706288999025,0.7109173125046013,0.30831033312211337,0.7572051654156579,0.7208628553167551,0.8028937482313411,-0.07043909263130771,0.5840030384896608,0.2047487028523256,0.9999999999997938,0.8027641271104703,1.0,0.814773533670205,0.3865884365673738,0.6063557958922342,0.14099597146960977,0.4953134999341978,0.5934474957826006,0.7405192006376767,0.6770844173576421,0.6707630940746683
lOCode,0.921555579828824,0.7951907116227277,0.44274730004641794,0.7687473643638647,0.9440186405093941,0.9626639016468324,-0.21740135296028176,0.7631289309429166,0.5437044341787273,0.8147735366632916,0.9623285635383131,0.814773533670205,1.0,0.5461099346754977,0.8001767442365215,0.24709311187857197,0.6473815975051213,0.8436688600407923,0.9437311272988017,0.9287642175972175,0.7927027257430979
lOComment,0.6086713016991501,0.3699532875352419,0.27846293865187893,0.3417166916935288,0.5882291312712672,0.5701456756101709,-0.16181587322390686,0.490843314319978,0.36937788672235394,0.38658843868553633,0.5699530275084148,0.3865884365673738,0.5461099346754977,1.0,0.6138342120684943,0.25367559359450537,0.3350814497566712,0.46605733180220343,0.5886929754302269,0.5760317705166196,0.39974160991018687
lOBlank,0.7979265820983783,0.5235143941468786,0.32252102029791146,0.5293725274214129,0.7896326241078484,0.7850424908321418,-0.2038558088045253,0.6209651344069546,0.5453845460017326,0.6063557993063498,0.7847477393909215,0.6063557958922342,0.8001767442365215,0.6138342120684943,1.0,0.2572588480001422,0.448035788030379,0.6667270252543792,0.7901053194461747,0.7769971713408053,0.5562547468224495
locCodeAndComment,0.26728382713820686,0.19396660344939357,0.17940510265718404,0.19262106210960814,0.27463133640372234,0.25714035761337595,-0.1012734239062476,0.23754621111051397,0.2070216613482554,0.1409959643832249,0.25732926762727254,0.14099597146960977,0.24709311187857197,0.25367559359450537,0.2572588480001422,1.0,0.17712376117999953,0.23624256519213552,0.2736043908893345,0.27084513160054613,0.21546276772870096
uniq_Op,0.5173686108996466,0.645943193237254,0.2306673522939854,0.4900013445834553,0.5930832389463566,0.5999593399840227,-0.2601860369426865,0.7259459433336385,0.3340297368766208,0.49531350485008774,0.5994130377614142,0.4953134999341978,0.6473815975051213,0.3350814497566712,0.448035788030379,0.17712376117999953,1.0,0.7734207013514807,0.5985794357284867,0.5725061317052069,0.5313577007576514
uniq_Opnd,0.7562673629961124,0.6961491789134804,0.3151741436037598,0.6101800441025441,0.8293807715636238,0.8504616721323092,-0.1990932416512554,0.6196792152491692,0.7034950563038981,0.5934474989370105,0.8500368172800378,0.5934474957826006,0.8436688600407923,0.46605733180220343,0.6667270252543792,0.23624256519213552,0.7734207013514807,1.0,0.8107144759114587,0.8443012885605684,0.6336818349849668
total_Op,0.8812827421541078,0.7373423586366566,0.46551316335453463,0.7098373248829019,0.9957537053427221,0.98200165250214,-0.24169705224192217,0.8117152176160035,0.6039185378943793,0.740519205802294,0.981639072578762,0.7405192006376767,0.9437311272988017,0.5886929754302269,0.7901053194461747,0.2736043908893345,0.5985794357284867,0.8107144759114587,1.0,0.9731004174508342,0.7553436975130277
total_Opnd,0.8648351366042942,0.6876695139646348,0.420899984283496,0.6611009724024444,0.9895820967828728,0.9716586858190065,-0.24305578618963095,0.7727309764011753,0.6717255125411962,0.6770844227591647,0.9712764972507597,0.6770844173576421,0.9287642175972175,0.5760317705166196,0.7769971713408053,0.27084513160054613,0.5725061317052069,0.8443012885605684,0.9731004174508342,1.0,0.7067682145055137
branchCount,0.8243125979681586,0.9700310008939783,0.7783344654518225,0.8530116735277335,0.7417015336555994,0.756460563450501,-0.295056994684598,0.6602842911729774,0.29573066113728036,0.6707630985326414,0.7561644220538691,0.6707630940746683,0.7927027257430979,0.39974160991018687,0.5562547468224495,0.21546276772870096,0.5313577007576514,0.6336818349849668,0.7553436975130277,0.7067682145055137,1.0
