model,threshold,precision,recall,f1,accuracy,tp,fp,tn,fn,flagged_modules,flagged_percent,average_precision
weighted_random_forest__original,0.4770352548324381,0.36485451761102605,0.5655786350148369,0.4435652781010007,0.7254248966467616,953.0,1659.0,5364.0,732.0,2612.0,29.99540652273771,0.40221115968618415
weighted_random_forest__ratios,0.4714790726079249,0.361791730474732,0.5608308605341247,0.4398417500581801,0.7235875057418466,945.0,1667.0,5356.0,740.0,2612.0,29.99540652273771,0.4101428433023596
weighted_random_forest__logs,0.4781595398996523,0.36217457886676874,0.5614243323442136,0.4403071910635327,0.723817179604961,946.0,1666.0,5357.0,739.0,2612.0,29.99540652273771,0.40366608461106424
weighted_random_forest__engineered,0.47135222873086485,0.36370597243491576,0.5637982195845698,0.44216895508494297,0.7247358750574184,950.0,1662.0,5361.0,735.0,2612.0,29.99540652273771,0.40994291837763047
weighted_random_forest__pruned,0.48020197838261214,0.3652373660030628,0.5661721068249258,0.4440307191063533,0.725654570509876,954.0,1658.0,5365.0,731.0,2612.0,29.99540652273771,0.4031874120783482
hist_gradient_boosting__original,0.5244039235979598,0.361791730474732,0.5608308605341247,0.4398417500581801,0.7235875057418466,945.0,1667.0,5356.0,740.0,2612.0,29.99540652273771,0.4050802719554499
hist_gradient_boosting__ratios,0.5253002689473014,0.3625574272588055,0.5620178041543027,0.4407726320688853,0.7240468534680753,947.0,1665.0,5358.0,738.0,2612.0,29.99540652273771,0.40948708999187455
hist_gradient_boosting__logs,0.5244039235979598,0.361791730474732,0.5608308605341247,0.4398417500581801,0.7235875057418466,945.0,1667.0,5356.0,740.0,2612.0,29.99540652273771,0.40509635704499714
hist_gradient_boosting__engineered,0.5253002689473014,0.3625574272588055,0.5620178041543027,0.4407726320688853,0.7240468534680753,947.0,1665.0,5358.0,738.0,2612.0,29.99540652273771,0.4095174017831298
hist_gradient_boosting__pruned,0.5241867471769568,0.361791730474732,0.5608308605341247,0.4398417500581801,0.7235875057418466,945.0,1667.0,5356.0,740.0,2612.0,29.99540652273771,0.4050736804120491
