,model,outer_fold,feature,repeat,recall_drop,ap_drop
0,weighted_random_forest,1,branch_density,0,-0.005934718100890191,-0.006689538374792858
1,weighted_random_forest,1,branch_density,1,0.005934718100890191,0.010107396434947513
2,weighted_random_forest,1,branch_density,2,-0.0029673590504450953,0.00850949876883561
3,weighted_random_forest,1,complexity_density,0,0.005934718100890191,0.003183596261693844
4,weighted_random_forest,1,complexity_density,1,-0.008902077151335286,0.0023386127820762548
5,weighted_random_forest,1,complexity_density,2,0.005934718100890191,0.0022377583817416724
6,weighted_random_forest,1,comment_ratio,0,-0.008902077151335286,0.00162774416523781
7,weighted_random_forest,1,comment_ratio,1,-0.008902077151335286,-0.0007531946421099889
8,weighted_random_forest,1,comment_ratio,2,-0.008902077151335286,0.0026789090859324904
9,weighted_random_forest,1,blank_ratio,0,0.0029673590504450953,-0.0013792978912177123
10,weighted_random_forest,1,blank_ratio,1,-0.008902077151335286,0.0006209611087090172
11,weighted_random_forest,1,blank_ratio,2,0.0029673590504450953,-0.001402360011283188
12,weighted_random_forest,1,operator_density,0,-0.0029673590504450953,0.0010463304612936541
13,weighted_random_forest,1,operator_density,1,-0.008902077151335286,0.004731606353827522
14,weighted_random_forest,1,operator_density,2,-0.0029673590504450953,-0.001157362186543609
15,weighted_random_forest,1,operand_density,0,0.017804154302670683,0.008213035767345889
16,weighted_random_forest,1,operand_density,1,0.017804154302670683,0.0016844236458615214
17,weighted_random_forest,1,operand_density,2,0.005934718100890191,0.005293125585046243
18,weighted_random_forest,1,unique_operator_ratio,0,0.0,0.0019393379973828284
19,weighted_random_forest,1,unique_operator_ratio,1,0.005934718100890191,-0.007619259854139082
20,weighted_random_forest,1,unique_operator_ratio,2,-0.0029673590504450953,-0.0013117534591538527
21,weighted_random_forest,1,unique_operand_ratio,0,0.017804154302670683,-0.005449208823899376
22,weighted_random_forest,1,unique_operand_ratio,1,0.008902077151335397,0.001848617697056798
23,weighted_random_forest,1,unique_operand_ratio,2,0.017804154302670683,-0.002331515361665426
24,hist_gradient_boosting,1,branch_density,0,0.0029673590504450953,-0.000703191576247375
25,hist_gradient_boosting,1,branch_density,1,0.0,0.0040075762632843515
26,hist_gradient_boosting,1,branch_density,2,0.011869436201780492,0.005030738607352037
27,hist_gradient_boosting,1,complexity_density,0,0.008902077151335286,0.00048002318627854423
28,hist_gradient_boosting,1,complexity_density,1,0.008902077151335286,0.0035694592912490775
29,hist_gradient_boosting,1,complexity_density,2,-0.0029673590504450953,9.540651492528918e-05
30,hist_gradient_boosting,1,comment_ratio,0,0.0,-0.00030283151358601046
31,hist_gradient_boosting,1,comment_ratio,1,-0.005934718100890191,-5.4971165277584166e-05
32,hist_gradient_boosting,1,comment_ratio,2,-0.008902077151335286,0.0002707697311090107
33,hist_gradient_boosting,1,blank_ratio,0,-0.008902077151335286,-0.00012164945195441978
34,hist_gradient_boosting,1,blank_ratio,1,0.0,0.0023571870046891763
35,hist_gradient_boosting,1,blank_ratio,2,0.008902077151335286,0.004258257002814458
36,hist_gradient_boosting,1,operator_density,0,-0.005934718100890191,0.00038295173134716975
37,hist_gradient_boosting,1,operator_density,1,-0.0029673590504450953,0.001511732576797209
38,hist_gradient_boosting,1,operator_density,2,0.008902077151335286,0.004421144787004616
39,hist_gradient_boosting,1,operand_density,0,0.011869436201780492,0.016447114037548005
40,hist_gradient_boosting,1,operand_density,1,0.02670623145400597,0.00885820626207462
41,hist_gradient_boosting,1,operand_density,2,0.014836795252225587,0.009497765924007862
42,hist_gradient_boosting,1,unique_operator_ratio,0,0.0029673590504450953,0.0008987019217757131
43,hist_gradient_boosting,1,unique_operator_ratio,1,0.0,0.0002576121487585792
44,hist_gradient_boosting,1,unique_operator_ratio,2,-0.0029673590504450953,-0.00037894845944697053
45,hist_gradient_boosting,1,unique_operand_ratio,0,0.0029673590504450953,-0.003299531192486771
46,hist_gradient_boosting,1,unique_operand_ratio,1,0.014836795252225587,-0.002005861107900908
47,hist_gradient_boosting,1,unique_operand_ratio,2,0.0029673590504450953,-0.0038262924005212917
48,weighted_random_forest,2,branch_density,0,0.0,0.005527438272869223
49,weighted_random_forest,2,branch_density,1,-0.0029673590504450953,0.0008202634348662974
50,weighted_random_forest,2,branch_density,2,-0.0029673590504450953,-0.0035640043122232012
51,weighted_random_forest,2,complexity_density,0,0.005934718100890191,0.006304547918857484
52,weighted_random_forest,2,complexity_density,1,-0.0029673590504450953,0.005023794806001236
53,weighted_random_forest,2,complexity_density,2,-0.0029673590504450953,0.009344359170547378
54,weighted_random_forest,2,comment_ratio,0,0.005934718100890191,0.002601742933546869
55,weighted_random_forest,2,comment_ratio,1,0.0029673590504450953,0.0008880872389950278
56,weighted_random_forest,2,comment_ratio,2,0.005934718100890191,0.0011283339559719496
57,weighted_random_forest,2,blank_ratio,0,-0.008902077151335397,0.005297016472623595
58,weighted_random_forest,2,blank_ratio,1,-0.005934718100890191,0.004118321068264819
59,weighted_random_forest,2,blank_ratio,2,0.005934718100890191,0.012569095328923474
60,weighted_random_forest,2,operator_density,0,0.0029673590504450953,0.005935772639415249
61,weighted_random_forest,2,operator_density,1,0.0029673590504450953,0.00012585720101215836
62,weighted_random_forest,2,operator_density,2,-0.0029673590504450953,0.00019832183054169228
63,weighted_random_forest,2,operand_density,0,0.005934718100890191,0.009441978482338131
64,weighted_random_forest,2,operand_density,1,-0.005934718100890191,0.0058471908435090425
65,weighted_random_forest,2,operand_density,2,-0.005934718100890191,0.007815105489805851
66,weighted_random_forest,2,unique_operator_ratio,0,0.005934718100890191,0.008611238629893991
67,weighted_random_forest,2,unique_operator_ratio,1,0.0,-0.0007726636338060144
68,weighted_random_forest,2,unique_operator_ratio,2,-0.0029673590504450953,0.005620929090905613
69,weighted_random_forest,2,unique_operand_ratio,0,-0.005934718100890191,0.005317159640431612
70,weighted_random_forest,2,unique_operand_ratio,1,-0.014836795252225587,0.0012810904884060226
71,weighted_random_forest,2,unique_operand_ratio,2,0.0,0.002836267116564428
72,hist_gradient_boosting,2,branch_density,0,0.005934718100890302,0.0031926971006203675
73,hist_gradient_boosting,2,branch_density,1,0.0029673590504452063,0.0032707145343528476
74,hist_gradient_boosting,2,branch_density,2,0.0029673590504452063,0.0003787585917937042
75,hist_gradient_boosting,2,complexity_density,0,0.011869436201780492,0.00342634261611513
76,hist_gradient_boosting,2,complexity_density,1,0.008902077151335397,0.0026988944339759735
77,hist_gradient_boosting,2,complexity_density,2,0.011869436201780492,0.002242806717844381
78,hist_gradient_boosting,2,comment_ratio,0,0.005934718100890302,0.000312499842565539
79,hist_gradient_boosting,2,comment_ratio,1,0.008902077151335397,-0.0018611208740833551
80,hist_gradient_boosting,2,comment_ratio,2,0.008902077151335397,0.0009840188437719721
81,hist_gradient_boosting,2,blank_ratio,0,0.02670623145400597,0.00757172264264
82,hist_gradient_boosting,2,blank_ratio,1,0.0029673590504452063,0.005751074442516768
83,hist_gradient_boosting,2,blank_ratio,2,0.020771513353115778,0.009274038065396006
84,hist_gradient_boosting,2,operator_density,0,0.011869436201780492,-0.004199724256726545
85,hist_gradient_boosting,2,operator_density,1,0.0,-0.001138908105469183
86,hist_gradient_boosting,2,operator_density,2,0.008902077151335397,0.003224237035385713
87,hist_gradient_boosting,2,operand_density,0,0.020771513353115778,0.003452960813650041
88,hist_gradient_boosting,2,operand_density,1,0.023738872403560873,0.014021214365759038
89,hist_gradient_boosting,2,operand_density,2,0.023738872403560873,0.0180777046678956
90,hist_gradient_boosting,2,unique_operator_ratio,0,0.014836795252225587,0.001057742752164581
91,hist_gradient_boosting,2,unique_operator_ratio,1,0.008902077151335397,0.0012175822978566786
92,hist_gradient_boosting,2,unique_operator_ratio,2,0.011869436201780492,-8.623818990777243e-05
93,hist_gradient_boosting,2,unique_operand_ratio,0,0.023738872403560873,0.015133846365085135
94,hist_gradient_boosting,2,unique_operand_ratio,1,0.020771513353115778,0.002691276872610948
95,hist_gradient_boosting,2,unique_operand_ratio,2,0.023738872403560873,0.010090151781974144
96,weighted_random_forest,3,branch_density,0,0.011869436201780381,0.0027162571033083616
97,weighted_random_forest,3,branch_density,1,0.0029673590504450953,0.007129276692458386
98,weighted_random_forest,3,branch_density,2,0.017804154302670572,0.012288017298808462
99,weighted_random_forest,3,complexity_density,0,-0.0029673590504450953,-0.006198356398236016
100,weighted_random_forest,3,complexity_density,1,0.014836795252225476,0.0006192634341299352
101,weighted_random_forest,3,complexity_density,2,-0.005934718100890191,-0.0018817944668131914
102,weighted_random_forest,3,comment_ratio,0,-0.0029673590504450953,-0.0006720993081666959
103,weighted_random_forest,3,comment_ratio,1,0.005934718100890191,-0.0029511091911095244
104,weighted_random_forest,3,comment_ratio,2,0.0029673590504450953,-0.0011400763488595422
105,weighted_random_forest,3,blank_ratio,0,0.008902077151335286,0.005705239562508957
106,weighted_random_forest,3,blank_ratio,1,0.0,0.0022653541854788517
107,weighted_random_forest,3,blank_ratio,2,0.0,0.0020638541123896847
108,weighted_random_forest,3,operator_density,0,0.017804154302670572,0.002918575755602615
109,weighted_random_forest,3,operator_density,1,-0.005934718100890191,-0.004696470652242324
110,weighted_random_forest,3,operator_density,2,0.0,-0.002543208983282974
111,weighted_random_forest,3,operand_density,0,0.005934718100890191,-0.00048251073082994367
112,weighted_random_forest,3,operand_density,1,-0.0029673590504450953,-0.0017414997975750413
113,weighted_random_forest,3,operand_density,2,0.0029673590504450953,0.0016054118294329123
114,weighted_random_forest,3,unique_operator_ratio,0,0.0,-0.005846537487907755
115,weighted_random_forest,3,unique_operator_ratio,1,-0.0029673590504450953,-0.002171485621788982
116,weighted_random_forest,3,unique_operator_ratio,2,-0.005934718100890191,-0.004502519227721269
117,weighted_random_forest,3,unique_operand_ratio,0,0.026706231454005858,-0.005224879307035801
118,weighted_random_forest,3,unique_operand_ratio,1,0.017804154302670572,-0.00299449116172279
119,weighted_random_forest,3,unique_operand_ratio,2,0.017804154302670572,-0.002469846746547988
120,hist_gradient_boosting,3,branch_density,0,-0.0029673590504450953,0.006615842816723894
121,hist_gradient_boosting,3,branch_density,1,-0.0029673590504450953,0.012175554962496171
122,hist_gradient_boosting,3,branch_density,2,-0.0029673590504450953,0.013504042795368376
123,hist_gradient_boosting,3,complexity_density,0,-0.008902077151335286,0.0025047383902098153
124,hist_gradient_boosting,3,complexity_density,1,-0.0029673590504450953,0.0019764716476843303
125,hist_gradient_boosting,3,complexity_density,2,-0.0029673590504450953,0.0009079084441325769
126,hist_gradient_boosting,3,comment_ratio,0,-0.0029673590504450953,0.002988107612513835
127,hist_gradient_boosting,3,comment_ratio,1,-0.005934718100890191,0.0005738169720269082
128,hist_gradient_boosting,3,comment_ratio,2,-0.005934718100890191,0.007872664103298677
129,hist_gradient_boosting,3,blank_ratio,0,0.005934718100890191,-0.002428617545128131
130,hist_gradient_boosting,3,blank_ratio,1,-0.005934718100890191,0.002035965800982864
131,hist_gradient_boosting,3,blank_ratio,2,0.011869436201780492,-0.003592801843093185
132,hist_gradient_boosting,3,operator_density,0,-0.0029673590504450953,0.000613813538276109
133,hist_gradient_boosting,3,operator_density,1,-0.0029673590504450953,0.0033676715746298047
134,hist_gradient_boosting,3,operator_density,2,-0.0029673590504450953,0.0005601617421912564
135,hist_gradient_boosting,3,operand_density,0,0.014836795252225587,0.01908838553183201
136,hist_gradient_boosting,3,operand_density,1,0.014836795252225587,0.0030428998006289953
137,hist_gradient_boosting,3,operand_density,2,0.011869436201780492,0.009582168583137485
138,hist_gradient_boosting,3,unique_operator_ratio,0,-0.008902077151335286,-0.000688407111808953
139,hist_gradient_boosting,3,unique_operator_ratio,1,-0.0029673590504450953,0.0006217441191674888
140,hist_gradient_boosting,3,unique_operator_ratio,2,-0.005934718100890191,-0.0006848272947246881
141,hist_gradient_boosting,3,unique_operand_ratio,0,0.0,0.007294094489319836
142,hist_gradient_boosting,3,unique_operand_ratio,1,0.008902077151335286,0.0056941186695259605
143,hist_gradient_boosting,3,unique_operand_ratio,2,-0.0029673590504450953,0.0011083387299174463
144,weighted_random_forest,4,branch_density,0,-0.008902077151335286,0.0008001800520450741
145,weighted_random_forest,4,branch_density,1,-0.017804154302670683,0.010027693124033121
146,weighted_random_forest,4,branch_density,2,-0.0029673590504450953,-0.0016557565933185137
147,weighted_random_forest,4,complexity_density,0,-0.008902077151335286,0.0003620249003525311
148,weighted_random_forest,4,complexity_density,1,-0.020771513353115778,0.002014003325643887
149,weighted_random_forest,4,complexity_density,2,-0.011869436201780492,0.0016740309799068709
150,weighted_random_forest,4,comment_ratio,0,0.011869436201780381,-0.0007597420896527929
151,weighted_random_forest,4,comment_ratio,1,0.0029673590504450953,-0.0013859240546280627
152,weighted_random_forest,4,comment_ratio,2,0.0029673590504450953,-0.0009262916470060278
153,weighted_random_forest,4,blank_ratio,0,0.0029673590504450953,0.006683150440021768
154,weighted_random_forest,4,blank_ratio,1,0.008902077151335286,0.00845712439643298
155,weighted_random_forest,4,blank_ratio,2,0.005934718100890191,0.0113818129935504
156,weighted_random_forest,4,operator_density,0,0.0,-0.0013511968874397318
157,weighted_random_forest,4,operator_density,1,-0.011869436201780492,-0.011233806463652518
158,weighted_random_forest,4,operator_density,2,-0.008902077151335286,-0.0014832920532671934
159,weighted_random_forest,4,operand_density,0,0.026706231454005858,0.002086856386899094
160,weighted_random_forest,4,operand_density,1,0.017804154302670572,0.026500493851031814
161,weighted_random_forest,4,operand_density,2,0.017804154302670572,0.01061195164216261
162,weighted_random_forest,4,unique_operator_ratio,0,-0.005934718100890191,0.003558116690994706
163,weighted_random_forest,4,unique_operator_ratio,1,0.0029673590504450953,0.00033457047096363546
164,weighted_random_forest,4,unique_operator_ratio,2,-0.0029673590504450953,0.0019061465686610046
165,weighted_random_forest,4,unique_operand_ratio,0,0.014836795252225476,0.003120918752687052
166,weighted_random_forest,4,unique_operand_ratio,1,0.014836795252225476,0.004563967475251229
167,weighted_random_forest,4,unique_operand_ratio,2,0.020771513353115667,0.0052035173318831784
168,hist_gradient_boosting,4,branch_density,0,-0.011869436201780492,0.0009900983591349943
169,hist_gradient_boosting,4,branch_density,1,-0.008902077151335286,0.002696920188286933
170,hist_gradient_boosting,4,branch_density,2,-0.005934718100890191,-0.0018890983923753324
171,hist_gradient_boosting,4,complexity_density,0,-0.011869436201780492,-0.0013800811747551878
172,hist_gradient_boosting,4,complexity_density,1,-0.014836795252225587,0.0014970345599906176
173,hist_gradient_boosting,4,complexity_density,2,-0.005934718100890191,2.29115553507242e-05
174,hist_gradient_boosting,4,comment_ratio,0,-0.008902077151335286,0.0054331134394456915
175,hist_gradient_boosting,4,comment_ratio,1,0.0,0.0037016651138531143
176,hist_gradient_boosting,4,comment_ratio,2,-0.008902077151335286,0.0030014863103068334
177,hist_gradient_boosting,4,blank_ratio,0,-0.0029673590504450953,0.008687918789502869
178,hist_gradient_boosting,4,blank_ratio,1,-0.005934718100890191,0.006573293843067096
179,hist_gradient_boosting,4,blank_ratio,2,0.0,0.009762104723983034
180,hist_gradient_boosting,4,operator_density,0,0.005934718100890191,0.011295576104682792
181,hist_gradient_boosting,4,operator_density,1,-0.014836795252225587,-0.005022178794051424
182,hist_gradient_boosting,4,operator_density,2,-0.014836795252225587,0.0004131380090097725
183,hist_gradient_boosting,4,operand_density,0,-0.005934718100890191,0.0021103603184779995
184,hist_gradient_boosting,4,operand_density,1,0.008902077151335286,0.00844808064411473
185,hist_gradient_boosting,4,operand_density,2,-0.008902077151335286,0.008803462371929971
186,hist_gradient_boosting,4,unique_operator_ratio,0,0.005934718100890191,0.0014819756778732818
187,hist_gradient_boosting,4,unique_operator_ratio,1,-0.005934718100890191,0.0013148331031296312
188,hist_gradient_boosting,4,unique_operator_ratio,2,-0.005934718100890191,0.004280225151396033
189,hist_gradient_boosting,4,unique_operand_ratio,0,0.0029673590504450953,-0.00020109632780856979
190,hist_gradient_boosting,4,unique_operand_ratio,1,0.008902077151335286,0.0017773883565823656
191,hist_gradient_boosting,4,unique_operand_ratio,2,0.014836795252225476,0.006665842444813774
192,weighted_random_forest,5,branch_density,0,-0.005934718100890191,-0.0004641166696503496
193,weighted_random_forest,5,branch_density,1,-0.0029673590504450953,0.0017166388209868266
194,weighted_random_forest,5,branch_density,2,-0.008902077151335286,0.004000811478055366
195,weighted_random_forest,5,complexity_density,0,0.014836795252225476,0.006773425884671946
196,weighted_random_forest,5,complexity_density,1,-0.0029673590504450953,0.0017474000662177636
197,weighted_random_forest,5,complexity_density,2,-0.008902077151335286,0.0021277343279854644
198,weighted_random_forest,5,comment_ratio,0,0.005934718100890191,0.004477103233976543
199,weighted_random_forest,5,comment_ratio,1,0.0,0.001901092128031412
200,weighted_random_forest,5,comment_ratio,2,0.0,0.0018656393681917849
201,weighted_random_forest,5,blank_ratio,0,0.005934718100890191,0.004414365704469514
202,weighted_random_forest,5,blank_ratio,1,0.005934718100890191,0.003364716866590012
203,weighted_random_forest,5,blank_ratio,2,0.011869436201780381,0.007913209822595135
204,weighted_random_forest,5,operator_density,0,0.005934718100890191,0.003738845932069468
205,weighted_random_forest,5,operator_density,1,-0.0029673590504450953,0.003708154551388232
206,weighted_random_forest,5,operator_density,2,0.0,0.0015626664635445264
207,weighted_random_forest,5,operand_density,0,0.008902077151335286,0.009416567472361137
208,weighted_random_forest,5,operand_density,1,0.005934718100890191,-0.0027454979333706997
209,weighted_random_forest,5,operand_density,2,0.008902077151335286,0.010145377934651645
210,weighted_random_forest,5,unique_operator_ratio,0,0.0029673590504450953,0.0023796746612735897
211,weighted_random_forest,5,unique_operator_ratio,1,0.011869436201780381,0.005111058708966998
212,weighted_random_forest,5,unique_operator_ratio,2,0.008902077151335286,0.005843099920691597
213,weighted_random_forest,5,unique_operand_ratio,0,0.0029673590504450953,0.0066490303621806746
214,weighted_random_forest,5,unique_operand_ratio,1,0.0,0.004538822682332688
215,weighted_random_forest,5,unique_operand_ratio,2,-0.005934718100890191,0.005590657359916096
216,hist_gradient_boosting,5,branch_density,0,-0.005934718100890191,0.003657569850102793
217,hist_gradient_boosting,5,branch_density,1,0.0,0.001550264854581318
218,hist_gradient_boosting,5,branch_density,2,-0.008902077151335286,0.0025881624395983627
219,hist_gradient_boosting,5,complexity_density,0,0.0029673590504450953,0.0024710447319463147
220,hist_gradient_boosting,5,complexity_density,1,0.005934718100890191,0.0019712103810813897
221,hist_gradient_boosting,5,complexity_density,2,0.0029673590504450953,0.0014231912505638933
222,hist_gradient_boosting,5,comment_ratio,0,0.005934718100890191,0.002244345859486352
223,hist_gradient_boosting,5,comment_ratio,1,-0.0029673590504450953,-0.0019524500503590447
224,hist_gradient_boosting,5,comment_ratio,2,-0.0029673590504450953,0.0026948731012409466
225,hist_gradient_boosting,5,blank_ratio,0,0.014836795252225476,0.00173974151634404
226,hist_gradient_boosting,5,blank_ratio,1,0.014836795252225476,0.0036300244533149506
227,hist_gradient_boosting,5,blank_ratio,2,0.008902077151335286,0.007443686036953834
228,hist_gradient_boosting,5,operator_density,0,0.0,-0.0013943048667837132
229,hist_gradient_boosting,5,operator_density,1,0.008902077151335286,-0.00014649397876487225
230,hist_gradient_boosting,5,operator_density,2,0.005934718100890191,-0.001058448598420414
231,hist_gradient_boosting,5,operand_density,0,0.005934718100890191,0.007120679744834213
232,hist_gradient_boosting,5,operand_density,1,-0.0029673590504450953,-0.004419611343891017
233,hist_gradient_boosting,5,operand_density,2,0.0029673590504450953,0.01462369060554114
234,hist_gradient_boosting,5,unique_operator_ratio,0,0.0029673590504450953,-0.0007157777423679734
235,hist_gradient_boosting,5,unique_operator_ratio,1,0.011869436201780381,0.0021204058066732756
236,hist_gradient_boosting,5,unique_operator_ratio,2,0.0,0.0031296683892787502
237,hist_gradient_boosting,5,unique_operand_ratio,0,0.023738872403560873,0.006271478041633416
238,hist_gradient_boosting,5,unique_operand_ratio,1,0.008902077151335286,-0.0014641917245141745
239,hist_gradient_boosting,5,unique_operand_ratio,2,0.011869436201780381,0.003650239153245305
