,left,right,pearson,spearman
0,v(g),branchCount,0.9700310008939783,0.9959432750518016
1,n,v,0.9843421892616329,0.9989111418477387
2,n,e,0.7208628606157381,0.9863007034951479
3,n,b,0.9839663341681405,0.9974313016128986
4,n,t,0.7208628553167551,0.9863004550888365
5,n,lOCode,0.9440186405093941,0.9600211750027612
6,n,total_Op,0.9957537053427221,0.9972581458901361
7,n,total_Opnd,0.9895820967828728,0.9938417516102195
8,v,e,0.8028937518451557,0.9848142306613162
9,v,b,0.999670654746445,0.9985117604036173
10,v,t,0.8028937482313411,0.9848139792836373
11,v,lOCode,0.9626639016468324,0.9616897326006781
12,v,total_Op,0.98200165250214,0.9956786491918851
13,v,total_Opnd,0.9716586858190065,0.9936820054997608
14,d,e,0.5840030468453808,0.966737931160268
15,d,t,0.5840030384896608,0.9667382904647303
16,e,b,0.802764114782532,0.983265240490253
17,e,t,0.9999999999997938,0.999999986503543
18,e,lOCode,0.8147735366632916,0.9506214259596968
19,e,total_Op,0.740519205802294,0.9876217666545962
20,e,total_Opnd,0.6770844227591647,0.9749017687423852
21,b,t,0.8027641271104703,0.9832710404425579
22,b,lOCode,0.9623285635383131,0.9601712729245867
23,b,total_Op,0.981639072578762,0.9941659205708285
24,b,total_Opnd,0.9712764972507597,0.992290991552593
25,t,lOCode,0.814773533670205,0.950621231433571
26,t,total_Op,0.7405192006376767,0.9876215553856192
27,t,total_Opnd,0.6770844173576421,0.974901469616029
28,lOCode,total_Op,0.9437311272988017,0.9582573727693012
29,lOCode,total_Opnd,0.9287642175972175,0.9545503236402441
30,total_Op,total_Opnd,0.9731004174508342,0.9833255374142522
