,level,outer_fold,inner_fold,variant,shared_feature_vectors,left_rows_with_match,right_rows_with_match,matching_row_pairs
0,outer,1,0,original,0,0,0,0
1,outer,1,0,ratios,0,0,0,0
2,outer,1,0,logs,0,0,0,0
3,outer,1,0,engineered,0,0,0,0
4,outer,1,0,pruned,0,0,0,0
5,inner,1,1,original,0,0,0,0
6,inner,1,1,ratios,0,0,0,0
7,inner,1,1,logs,0,0,0,0
8,inner,1,1,engineered,0,0,0,0
9,inner,1,1,pruned,0,0,0,0
10,inner,1,2,original,0,0,0,0
11,inner,1,2,ratios,0,0,0,0
12,inner,1,2,logs,0,0,0,0
13,inner,1,2,engineered,0,0,0,0
14,inner,1,2,pruned,0,0,0,0
15,inner,1,3,original,0,0,0,0
16,inner,1,3,ratios,0,0,0,0
17,inner,1,3,logs,0,0,0,0
18,inner,1,3,engineered,0,0,0,0
19,inner,1,3,pruned,0,0,0,0
20,outer,2,0,original,0,0,0,0
21,outer,2,0,ratios,0,0,0,0
22,outer,2,0,logs,0,0,0,0
23,outer,2,0,engineered,0,0,0,0
24,outer,2,0,pruned,0,0,0,0
25,inner,2,1,original,0,0,0,0
26,inner,2,1,ratios,0,0,0,0
27,inner,2,1,logs,0,0,0,0
28,inner,2,1,engineered,0,0,0,0
29,inner,2,1,pruned,0,0,0,0
30,inner,2,2,original,0,0,0,0
31,inner,2,2,ratios,0,0,0,0
32,inner,2,2,logs,0,0,0,0
33,inner,2,2,engineered,0,0,0,0
34,inner,2,2,pruned,0,0,0,0
35,inner,2,3,original,0,0,0,0
36,inner,2,3,ratios,0,0,0,0
37,inner,2,3,logs,0,0,0,0
38,inner,2,3,engineered,0,0,0,0
39,inner,2,3,pruned,0,0,0,0
40,outer,3,0,original,0,0,0,0
41,outer,3,0,ratios,0,0,0,0
42,outer,3,0,logs,0,0,0,0
43,outer,3,0,engineered,0,0,0,0
44,outer,3,0,pruned,0,0,0,0
45,inner,3,1,original,0,0,0,0
46,inner,3,1,ratios,0,0,0,0
47,inner,3,1,logs,0,0,0,0
48,inner,3,1,engineered,0,0,0,0
49,inner,3,1,pruned,0,0,0,0
50,inner,3,2,original,0,0,0,0
51,inner,3,2,ratios,0,0,0,0
52,inner,3,2,logs,0,0,0,0
53,inner,3,2,engineered,0,0,0,0
54,inner,3,2,pruned,0,0,0,0
55,inner,3,3,original,0,0,0,0
56,inner,3,3,ratios,0,0,0,0
57,inner,3,3,logs,0,0,0,0
58,inner,3,3,engineered,0,0,0,0
59,inner,3,3,pruned,0,0,0,0
60,outer,4,0,original,0,0,0,0
61,outer,4,0,ratios,0,0,0,0
62,outer,4,0,logs,0,0,0,0
63,outer,4,0,engineered,0,0,0,0
64,outer,4,0,pruned,0,0,0,0
65,inner,4,1,original,0,0,0,0
66,inner,4,1,ratios,0,0,0,0
67,inner,4,1,logs,0,0,0,0
68,inner,4,1,engineered,0,0,0,0
69,inner,4,1,pruned,0,0,0,0
70,inner,4,2,original,0,0,0,0
71,inner,4,2,ratios,0,0,0,0
72,inner,4,2,logs,0,0,0,0
73,inner,4,2,engineered,0,0,0,0
74,inner,4,2,pruned,0,0,0,0
75,inner,4,3,original,0,0,0,0
76,inner,4,3,ratios,0,0,0,0
77,inner,4,3,logs,0,0,0,0
78,inner,4,3,engineered,0,0,0,0
79,inner,4,3,pruned,0,0,0,0
80,outer,5,0,original,0,0,0,0
81,outer,5,0,ratios,0,0,0,0
82,outer,5,0,logs,0,0,0,0
83,outer,5,0,engineered,0,0,0,0
84,outer,5,0,pruned,0,0,0,0
85,inner,5,1,original,0,0,0,0
86,inner,5,1,ratios,0,0,0,0
87,inner,5,1,logs,0,0,0,0
88,inner,5,1,engineered,0,0,0,0
89,inner,5,1,pruned,0,0,0,0
90,inner,5,2,original,0,0,0,0
91,inner,5,2,ratios,0,0,0,0
92,inner,5,2,logs,0,0,0,0
93,inner,5,2,engineered,0,0,0,0
94,inner,5,2,pruned,0,0,0,0
95,inner,5,3,original,0,0,0,0
96,inner,5,3,ratios,0,0,0,0
97,inner,5,3,logs,0,0,0,0
98,inner,5,3,engineered,0,0,0,0
99,inner,5,3,pruned,0,0,0,0
