model,recall_mean,recall_std,precision_mean,precision_std,f1_mean,f1_std,average_precision_mean,average_precision_std,flagged_percent_mean,flagged_percent_std
hist_gradient_boosting__engineered,0.5626112759643916,0.02052417384663573,0.36294367156765783,0.01333509769726179,0.44124049056501613,0.016165484475371052,0.4160964674900426,0.03002206125281386,29.99540098373558,0.016402384167325302
hist_gradient_boosting__logs,0.5602373887240356,0.02669963650849138,0.3612660527607452,0.017129095221116688,0.4392706500257194,0.020868685414821907,0.410980593746045,0.028328382914907104,30.006888634510993,0.022509289465081045
hist_gradient_boosting__original,0.5602373887240356,0.02669963650849138,0.3612660527607452,0.017129095221116688,0.4392706500257194,0.020868685414821907,0.4109572899699268,0.028351875213076416,30.006888634510993,0.022509289465081045
hist_gradient_boosting__pruned,0.5626112759643916,0.022877549278808737,0.3627971546412899,0.014656016885302717,0.4411321980669789,0.017865492626982147,0.4103162827797437,0.026774085433587724,30.006888634510993,0.022509289465081045
hist_gradient_boosting__ratios,0.5626112759643916,0.02052417384663573,0.36294367156765783,0.01333509769726179,0.44124049056501613,0.016165484475371052,0.4160531547716449,0.029962471210625525,29.99540098373558,0.016402384167325302
weighted_random_forest__engineered,0.5632047477744807,0.020931978740116784,0.3633275459147418,0.013624157796625617,0.44170668976906624,0.01650460294341965,0.41386851015050913,0.02972053115678465,29.99540098373558,0.016402384167325302
weighted_random_forest__logs,0.5626112759643916,0.016425344217327057,0.36294367156765783,0.010712513305610412,0.44124049056501613,0.01296662328315415,0.4086290295768246,0.025889636874153164,29.99540098373558,0.016402384167325302
weighted_random_forest__original,0.5626112759643916,0.022094374443900656,0.36294586932155337,0.014399021028964768,0.44124211495248666,0.017434842436830522,0.4080671314740232,0.025581677982940556,29.99540098373558,0.016402384167325302
weighted_random_forest__pruned,0.5620178041543027,0.018823443949143894,0.3625612623898376,0.012260114857401139,0.4407753742859463,0.014847991218093699,0.4085859402734088,0.025398946987755765,29.99540098373558,0.016402384167325302
weighted_random_forest__ratios,0.5608308605341247,0.01857860634124454,0.36179717661882893,0.0121469518264839,0.439845683190297,0.014689219565885316,0.41449940303137556,0.027212244722932055,29.99540098373558,0.016402384167325302
