feature,observed_rows,spearman_target,auc_increasing,rank_biserial,clean_median,defective_median
loc,8708,0.28021418157381334,0.7047369579647373,0.4094739159294747,24.0,50.0
v(g),8708,0.21288098646321268,0.6546252225096767,0.3092504450193534,4.0,6.0
ev(g),8708,0.14901818665966707,0.5941077874267298,0.18821557485345952,1.0,1.0
iv(g),8708,0.21832622323811035,0.6566077715822238,0.31321554316444766,2.0,4.0
n,8708,0.16539765153874403,0.6207922590927394,0.24158451818547877,58.0,111.0
v,8708,0.16799488447133298,0.6226872619891151,0.24537452397823012,266.89,571.59
l,8708,-0.1808360647188305,0.36811236162993066,-0.2637752767401387,0.07,0.04
d,8708,0.12878784164926657,0.5940526907984829,0.18810538159696577,10.77,16.0
i,8708,0.15270113326855125,0.611516885384225,0.22303377076845,23.9,34.28
e,8708,0.15737184652545744,0.6149278905977013,0.2298557811954025,2942.1,9425.91
b,8708,0.16884840400435258,0.6232509883802732,0.2465019767605463,0.09,0.19
t,8708,0.15737421930283663,0.6149296229303378,0.22985924586067563,163.45,523.65
lOCode,8708,0.17431839960395765,0.6272835207421482,0.25456704148429643,15.0,28.0
lOComment,8708,0.14681955529039353,0.5943058648755192,0.18861172975103835,0.0,1.0
lOBlank,8708,0.19096800509466758,0.6384945860379905,0.27698917207598095,3.0,5.0
locCodeAndComment,8708,0.13432025628659192,0.5592500013731905,0.11850000274638095,0.0,0.0
uniq_Op,8703,0.13941550123521976,0.6017683318314125,0.20353666366282508,12.0,15.0
uniq_Opnd,8703,0.17012980944859282,0.6242561173283275,0.24851223465665506,12.0,20.0
total_Op,8703,0.16555162134261708,0.6209576214451599,0.24191524289031974,35.0,66.0
total_Opnd,8703,0.16196290927048507,0.6183267337447484,0.2366534674894969,23.0,44.0
branchCount,8703,0.21264806069908876,0.6545412598623359,0.3090825197246718,7.0,11.0
