,outer_fold,method,brier,average_precision,default_precision,default_recall,default_f1,default_flagged_percent,budget30_precision,budget30_recall,budget30_f1,budget30_flagged_percent,budget30_tp,budget30_fn
0,1,raw,0.19027218486307126,0.3960705152024436,0.3757700205338809,0.543026706231454,0.4441747572815534,27.956371986222734,0.3652007648183556,0.5667655786350149,0.4441860465116279,30.02296211251435,191.0,146.0
1,1,sigmoid,0.13975959964113302,0.3960705152024436,0.5,0.13649851632047477,0.21445221445221446,5.281285878300804,0.3652007648183556,0.5667655786350149,0.4441860465116279,30.02296211251435,191.0,146.0
2,1,isotonic,0.13991361810773084,0.3782008900952717,0.48120300751879697,0.18991097922848665,0.2723404255319149,7.634902411021814,0.3763213530655391,0.5281899109792285,0.43950617283950616,27.152698048220437,178.0,159.0
3,2,raw,0.1837417314011163,0.4505635640279948,0.40082644628099173,0.5756676557863502,0.4725943970767357,27.800114876507752,0.3850574712643678,0.5964391691394659,0.4679860302677532,29.982768523836878,201.0,136.0
4,2,sigmoid,0.13423986941700924,0.4505635640279948,0.6619718309859155,0.1394658753709199,0.23039215686274508,4.0781160252728315,0.3850574712643678,0.5964391691394659,0.4679860302677532,29.982768523836878,201.0,136.0
5,2,isotonic,0.13473353032351829,0.42883763285472987,0.6438356164383562,0.1394658753709199,0.22926829268292684,4.192992533026995,0.37683823529411764,0.6083086053412463,0.46538024971623154,31.246410109132682,205.0,132.0
6,3,raw,0.1849599862558034,0.4179008704589525,0.38377192982456143,0.5192878338278932,0.44136191677175285,26.19184376794945,0.36398467432950193,0.5637982195845698,0.44237485448195574,29.982768523836878,190.0,147.0
7,3,sigmoid,0.1378604349178035,0.4179008704589525,0.5970149253731343,0.11869436201780416,0.19801980198019803,3.848363009764503,0.36398467432950193,0.5637982195845698,0.44237485448195574,29.982768523836878,190.0,147.0
8,3,isotonic,0.1379242472267049,0.3947047304291489,0.71875,0.06824925816023739,0.12466124661246612,1.8380241240666284,0.36259541984732824,0.5637982195845698,0.4413472706155633,30.097645031591043,190.0,147.0
9,4,raw,0.18947163800420527,0.40048997861874863,0.367983367983368,0.5252225519287834,0.43276283618581907,27.596098680436032,0.3479923518164436,0.5400593471810089,0.4232558139534884,30.005737234652898,182.0,155.0
10,4,sigmoid,0.13964438508931465,0.40048997861874863,0.5483870967741935,0.1513353115727003,0.2372093023255814,5.335628227194492,0.3479923518164436,0.5400593471810089,0.4232558139534884,30.005737234652898,182.0,155.0
11,4,isotonic,0.1399125818129643,0.3809059613324707,0.5,0.16023738872403562,0.24269662921348314,6.196213425129088,0.3542074363992172,0.5370919881305638,0.4268867924528302,29.31726907630522,181.0,156.0
12,5,raw,0.18616115253348398,0.38446941323362327,0.34872979214780603,0.44807121661721067,0.3922077922077922,24.870763928776565,0.3448275862068966,0.5341246290801187,0.4190919674039581,29.982768523836878,180.0,157.0
13,5,sigmoid,0.14162436725375768,0.38446941323362327,0.5806451612903226,0.10682492581602374,0.18045112781954886,3.5611717403790926,0.3448275862068966,0.5341246290801187,0.4190919674039581,29.982768523836878,180.0,157.0
14,5,isotonic,0.14193453935076905,0.36514589416235166,0.58,0.08605341246290801,0.14987080103359174,2.871912693854107,0.3392156862745098,0.5133531157270029,0.4085005903187721,29.29350947731189,173.0,164.0
