,level,outer_fold,calibration_rows,calibration_groups,positive,isotonic_eligible
0,calibration-inner,1,4644,4436,899,True
1,calibration-inner,1,4644,4436,899,True
2,calibration-inner,1,4644,4436,898,True
3,calibration-outer,1,6966,6654,1348,True
4,calibration-inner,2,4644,4436,898,True
5,calibration-inner,2,4645,4437,899,True
6,calibration-inner,2,4645,4437,899,True
7,calibration-outer,2,6967,6655,1348,True
8,calibration-inner,3,4644,4436,898,True
9,calibration-inner,3,4645,4437,899,True
10,calibration-inner,3,4645,4437,899,True
11,calibration-outer,3,6967,6655,1348,True
12,calibration-inner,4,4644,4436,899,True
13,calibration-inner,4,4643,4436,898,True
14,calibration-inner,4,4643,4436,899,True
15,calibration-outer,4,6965,6654,1348,True
16,calibration-inner,5,4644,4435,898,True
17,calibration-inner,5,4645,4436,899,True
18,calibration-inner,5,4645,4437,899,True
19,calibration-outer,5,6967,6654,1348,True
