,low_threshold,high_threshold,low_count,high_count,auto_count,uncertain_count,coverage_percent,uncertain_percent,high_percent,high_precision,high_recall,high_tp,high_fp,low_false_negatives,low_defect_rate,auto_error_rate,uncertain_defects
0,0.05,0.5,5,385,390,8318,4.478640330730363,95.52135966926963,4.421221864951769,0.5714285714285714,0.13056379821958458,220,165,0,0.0,0.4230769230769231,1465
1,0.05,0.7,5,11,16,8692,0.18373909049150206,99.8162609095085,0.12632062471290767,0.8181818181818182,0.005341246290801187,9,2,0,0.0,0.125,1676
2,0.05,0.9,5,0,5,8703,0.05741846577859439,99.9425815342214,0.0,,0.0,0,0,0,0.0,0.0,1685
3,0.05,0.95,5,0,5,8703,0.05741846577859439,99.9425815342214,0.0,,0.0,0,0,0,0.0,0.0,1685
4,0.1,0.5,1961,385,2346,6362,26.940744143316493,73.0592558566835,4.421221864951769,0.5714285714285714,0.13056379821958458,220,165,152,0.07751147373788883,0.13512361466325662,1313
5,0.1,0.7,1961,11,1972,6736,22.64584290307763,77.35415709692236,0.12632062471290767,0.8181818181818182,0.005341246290801187,9,2,152,0.07751147373788883,0.07809330628803246,1524
6,0.1,0.9,1961,0,1961,6747,22.51952227836472,77.48047772163528,0.0,,0.0,0,0,152,0.07751147373788883,0.07751147373788883,1533
7,0.1,0.95,1961,0,1961,6747,22.51952227836472,77.48047772163528,0.0,,0.0,0,0,152,0.07751147373788883,0.07751147373788883,1533
8,0.15,0.5,4095,385,4480,4228,51.446945337620576,48.55305466237942,4.421221864951769,0.5714285714285714,0.13056379821958458,220,165,373,0.09108669108669108,0.12008928571428572,1092
9,0.15,0.7,4095,11,4106,4602,47.15204409738172,52.84795590261828,0.12632062471290767,0.8181818181818182,0.005341246290801187,9,2,373,0.09108669108669108,0.0913297613248904,1303
10,0.15,0.9,4095,0,4095,4613,47.025723472668815,52.974276527331185,0.0,,0.0,0,0,373,0.09108669108669108,0.09108669108669108,1312
11,0.15,0.95,4095,0,4095,4613,47.025723472668815,52.974276527331185,0.0,,0.0,0,0,373,0.09108669108669108,0.09108669108669108,1312
12,0.2,0.5,5498,385,5883,2825,67.55856683509417,32.44143316490584,4.421221864951769,0.5714285714285714,0.13056379821958458,220,165,620,0.11276827937431794,0.1334353221145674,845
13,0.2,0.7,5498,11,5509,3199,63.2636655948553,36.736334405144696,0.12632062471290767,0.8181818181818182,0.005341246290801187,9,2,620,0.11276827937431794,0.11290615356689054,1056
14,0.2,0.9,5498,0,5498,3210,63.137344970142394,36.8626550298576,0.0,,0.0,0,0,620,0.11276827937431794,0.11276827937431794,1065
15,0.2,0.95,5498,0,5498,3210,63.137344970142394,36.8626550298576,0.0,,0.0,0,0,620,0.11276827937431794,0.11276827937431794,1065
