,outer_fold,method,brier,average_precision,default_precision,default_recall,default_f1,default_flagged_percent,budget30_precision,budget30_recall,budget30_f1,budget30_flagged_percent,budget30_tp,budget30_fn,selected
0,1,raw,0.18235836096491412,0.4079674804875195,0.386780905752754,0.4688427299703264,0.4238765928906774,23.456790123456788,0.35119617224880384,0.5445103857566765,0.4269924374636416,30.002871088142406,734.0,614.0,False
1,1,sigmoid,0.1392358125790937,0.40548272183361145,0.5818815331010453,0.12388724035608309,0.20428134556574923,4.1200114843525695,0.35167464114832536,0.5452522255192879,0.42757417102966844,30.002871088142406,735.0,613.0,True
2,1,isotonic,0.13965349146603015,0.39636228303499715,0.5784615384615385,0.1394658753709199,0.22474596533173938,4.665518231409704,0.3485496909177366,0.5437685459940653,0.42480440452042884,30.189491817398796,733.0,615.0,False
3,2,raw,0.18543283054062,0.3856233535384208,0.3750763591936469,0.45548961424332346,0.4113902847571189,23.496483421845845,0.3478468899521531,0.5393175074183977,0.42292030250145435,29.998564661977895,727.0,621.0,False
4,2,sigmoid,0.14144422759155897,0.3807691523257932,0.5635593220338984,0.09866468842729971,0.16792929292929293,3.3873977321659248,0.3492822966507177,0.5415430267062314,0.4246655031995346,29.998564661977895,730.0,618.0,True
5,2,isotonic,0.1421454465596866,0.36585378433597787,0.5689655172413793,0.04896142433234421,0.09016393442622951,1.6649921056408785,0.35096153846153844,0.5415430267062314,0.425904317386231,29.855030859767474,730.0,618.0,False
6,3,raw,0.18319000848945355,0.3992483122975207,0.37536148062463853,0.4814540059347181,0.42183945401364964,24.816994402181713,0.35023923444976074,0.543026706231454,0.4258289703315881,29.998564661977895,732.0,616.0,False
7,3,sigmoid,0.1398997192481915,0.39729809572080077,0.5470383275261324,0.11646884272997032,0.19204892966360856,4.11942012343907,0.35119617224880384,0.5445103857566765,0.4269924374636416,29.998564661977895,734.0,614.0,True
8,3,isotonic,0.14066727732227466,0.3806139338116702,0.5379537953795379,0.12091988130563798,0.19745608721986674,4.349074206975743,0.34878165312947923,0.5415430267062314,0.4242952630049404,30.04162480264102,730.0,618.0,False
9,4,raw,0.18211963785296656,0.40307699642522166,0.38439306358381503,0.49332344213649854,0.43209876543209874,24.838478104809763,0.3575873623743418,0.5541543026706232,0.4346814082048298,29.992821249102658,747.0,601.0,False
10,4,sigmoid,0.13922232510240418,0.4031273939573853,0.5756578947368421,0.1298219584569733,0.211864406779661,4.364680545585068,0.3580660603159406,0.5548961424332344,0.4352633110270585,29.992821249102658,748.0,600.0,True
11,4,isotonic,0.13972780041987143,0.39054260056689577,0.5934579439252337,0.09421364985163205,0.16261203585147246,3.072505384063173,0.3513388734995383,0.564540059347181,0.4331246442800228,31.098348887293607,761.0,587.0,False
12,5,raw,0.1822235654559513,0.3989801588309748,0.3704767375071798,0.478486646884273,0.4176108773065717,24.989234964834218,0.3535885167464115,0.548219584569733,0.42990110529377545,29.998564661977895,739.0,609.0,False
13,5,sigmoid,0.13963927206290203,0.39848297229259144,0.5678233438485805,0.13353115727002968,0.21621621621621623,4.550021530070332,0.35423647678314985,0.5489614243323442,0.430608088449229,29.984211281756856,740.0,608.0,True
14,5,isotonic,0.1404008004503387,0.3863110066658983,0.5887445887445888,0.10089020771513353,0.17226092463584547,3.3156308310607145,0.3518963034085454,0.5437685459940653,0.4272806761877004,29.8980910004306,733.0,615.0,False
