,method,bin,lower,upper,count,mean_probability,observed_defect_rate
0,raw,0,0.0,0.1,1,0.0903794074050626,0.0
1,raw,1,0.1,0.2,418,0.1759129601084272,0.06937799043062201
2,raw,2,0.2,0.3,2151,0.2511068112540925,0.08182240818224082
3,raw,3,0.3,0.4,2124,0.3490596109125632,0.1228813559322034
4,raw,4,0.4,0.5,1673,0.44508515965224943,0.2026300059772863
5,raw,5,0.5,0.6,1137,0.5476484061952498,0.287598944591029
6,raw,6,0.6,0.7,671,0.6451136497618597,0.4008941877794337
7,raw,7,0.7,0.8,409,0.7440955031373545,0.48166259168704156
8,raw,8,0.8,0.9,113,0.8462299105682007,0.6902654867256637
9,raw,9,0.9,1.0,11,0.9377837442074977,0.8181818181818182
10,sigmoid,0,0.0,0.1,1961,0.08218283296817896,0.07751147373788883
11,sigmoid,1,0.1,0.2,3537,0.1440494475819034,0.13231552162849872
12,sigmoid,2,0.2,0.3,1508,0.2441358824069815,0.22745358090185677
13,sigmoid,3,0.3,0.4,850,0.3435872482395791,0.3635294117647059
14,sigmoid,4,0.4,0.5,467,0.44645890112642467,0.4132762312633833
15,sigmoid,5,0.5,0.6,281,0.5410652045104681,0.5160142348754448
16,sigmoid,6,0.6,0.7,93,0.6454855661024727,0.7096774193548387
17,sigmoid,7,0.7,0.8,11,0.7296779510292648,0.8181818181818182
18,sigmoid,8,0.8,0.9,0,,
19,sigmoid,9,0.9,1.0,0,,
20,isotonic,0,0.0,0.1,2247,0.08044843560230225,0.0787716955941255
21,isotonic,1,0.1,0.2,3287,0.15020089144075105,0.1338606632187405
22,isotonic,2,0.2,0.3,1558,0.24747930046932365,0.24582798459563543
23,isotonic,3,0.3,0.4,798,0.3366462574176771,0.35463659147869675
24,isotonic,4,0.4,0.5,422,0.4560386038801925,0.43838862559241704
25,isotonic,5,0.5,0.6,300,0.5373037273876898,0.49333333333333335
26,isotonic,6,0.6,0.7,37,0.6796923441483382,0.7027027027027027
27,isotonic,7,0.7,0.8,49,0.7324622638272379,0.6938775510204082
28,isotonic,8,0.8,0.9,3,0.8484168681814809,1.0
29,isotonic,9,0.9,1.0,7,1.0,0.8571428571428571
30,inner_selected,0,0.0,0.1,1961,0.08218283296817896,0.07751147373788883
31,inner_selected,1,0.1,0.2,3537,0.1440494475819034,0.13231552162849872
32,inner_selected,2,0.2,0.3,1508,0.2441358824069815,0.22745358090185677
33,inner_selected,3,0.3,0.4,850,0.3435872482395791,0.3635294117647059
34,inner_selected,4,0.4,0.5,467,0.44645890112642467,0.4132762312633833
35,inner_selected,5,0.5,0.6,281,0.5410652045104681,0.5160142348754448
36,inner_selected,6,0.6,0.7,93,0.6454855661024727,0.7096774193548387
37,inner_selected,7,0.7,0.8,11,0.7296779510292648,0.8181818181818182
38,inner_selected,8,0.8,0.9,0,,
39,inner_selected,9,0.9,1.0,0,,
